date,date_end,status_response,progress,duration,finished,date_recorded,name,firstname,mmail,id,latitude,longitude,distr,lang,Q75_First Click,Q75_Last Click,Q75_Page Submit,Q75_Click Count,gender,hidden_country,age_exact,foreign,couple,hh_size,Nb_children__14,race_white,race_black,race_hispanic,race_asian,race_native,race_hawaii,race_other,race_pnr,income,education,employment_status,zipcode,home_tenant,home_owner,home_landlord,home_hosted,millionaire,voted,nationality_SA,vote_US,vote_GB,vote_FR,vote_CH,vote_PL,vote_IT,vote_ES,vote_DE,vote_JP,concerns_field,wish_field,issue_field,injustice_field,conjoint,revenue_split_few_domestic_education_healthcare,revenue_split_few_domestic_welfare,revenue_split_few_domestic_tax_reduction,revenue_split_few_domestic_deficit_reduction,revenue_split_few_global,revenue_split_few_order_domestic_education_healthcare,revenue_split_few_order_domestic_welfare,revenue_split_few_order_domestic_tax_reduction,revenue_split_few_order_domestic_deficit_reduction,revenue_split_few_order_global,revenue_split_many_domestic_education,revenue_split_many_domestic_healthcare,revenue_split_many_domestic_defense,revenue_split_many_domestic_deficit_reduction,revenue_split_many_domestic_justice_police,revenue_split_many_domestic_pensions,revenue_split_many_domestic_welfare,revenue_split_many_domestic_infrastructure,revenue_split_many_domestic_tax_reduction,revenue_split_many_global_education_healthcare,revenue_split_many_global_renewables_adaptation,revenue_split_many_global_loss_damage,revenue_split_many_global_forestation,revenue_split_many_order_domestic_education,revenue_split_many_order_domestic_healthcare,revenue_split_many_order_domestic_defense,revenue_split_many_order_domestic_deficit_reduction,revenue_split_many_order_domestic_justice_police,revenue_split_many_order_domestic_pensions,revenue_split_many_order_domestic_welfre,revenue_split_many_order_domestic_infrastructure,revenue_split_many_order_domestic_tax_reduction,revenue_split_many_order_global_education_healthcare,revenue_split_many_order_global_renewables_adaptation,revenue_split_many_order_global_loss_damage,revenue_split_many_order_global_forestation,hidden_sum,ncs_support,donation,gcs_support,gcs_belief_us,gcs_belief_own,ics_support,likely_solidarity,solidarity_support_billionaire_tax,solidarity_support_corporate_tax,solidarity_support_expanding_security_council,solidarity_support_foreign_aid,solidarity_support_debt_relief,solidarity_support_bridgetown,solidarity_support_loss_damage,solidarity_support_ncqg_300bn,solidarity_support_shipping_levy,solidarity_support_aviation_levy,solidarity_support_order_billionaire_tax,solidarity_support_order_corporate_tax,solidarity_support_order_expanding_security_council,solidarity_support_order_foreign_aid,solidarity_support_order_debt_relief,solidarity_support_order_bridgetown,solidarity_support_order_loss_damage,solidarity_support_order_ncqg_300bn,solidarity_support_order_shipping_levy,solidarity_support_order_aviation_levy,maritime_split_ldc,maritime_split_companies,maritime_split_decarbonization,maritime_split_order_ldc,maritime_split_order_companies,maritime_split_order_decarbonization,ncqg_full,ncqg,ncqg_order,ncqg_order_4,ncqg_order_5,ncqg_order_2,ncqg_order_3,ncqg_order_6,ncqg_order_7,global_tax_support,hic_tax_support,intl_tax_support,sustainable_future_a,sustainable_future_b,top1_tax_support,top3_tax_support,attention_test,transfer_how_agencies,transfer_how_govt_conditional,transfer_how_govt_unconditional,transfer_how_local_authorities,transfer_how_ngo,transfer_how_social_protection,transfer_how_cash_unconditional,transfer_how_order_agencies,transfer_how_order_govt_conditional,transfer_how_order_govt_unconditional,transfer_how_order_local_authorities,transfer_how_order_ngo,transfer_how_order_social_protection,transfer_how_order_cash_unconditional,convergence_support,global_movement_no,global_movement_spread,global_movement_demonstrate,global_movement_strike,global_movement_donate,vote_intl_coalition,vote_intl_coalition_order_more_likely,vote_intl_coalition_order_not_depend,vote_intl_coalition_order_less_likely,why_hic_help_lic_responsibility,why_hic_help_lic_interest,why_hic_help_lic_duty,why_hic_help_lic_none,why_hic_help_lic_order_responsibility,why_hic_help_lic_order_interest,why_hic_help_lic_order_duty,why_hic_help_lic_order_none,reparations_support,income_exact,Q94_First Click,Q94_Last Click,Q94_Page Submit,Q94_Click Count,custom_redistr_satisfied,custom_redistr_skip,well_being_gallup_0,well_being_gallup_1,well_being_wvs_0,well_being_wvs_1,gcs_comprehension,gcs_comprehension_order,gcs_comprehension_order_3,gcs_comprehension_order_5,my_tax_global_nation,group_defended,donation_charities,interested_politics,involvement_govt,Q93_First Click,Q93_Last Click,Q93_Page Submit,Q93_Click Count,survey_biased,comment_field,interview,custom_redistr_winners,custom_redistr_losers,custom_redistr_degree,complete,quotasfull,screenout,speeder,Q_TotalDuration,excluded,country,region,urbanity,cut,long,variant_split,variant_warm_glow,variant_realism,variant_ncqg_maritime,variant_radical_redistr,variant_gcs,variant_sliders,variant_radical_transfer,variant_synthetic,variant_comprehension,variant_belief,F-1-1,F-1-2,F-1-3,F-1-4,F-1-5,F-1-6,F-1-1-1,F-1-1-2,F-1-1-3,F-1-1-4,F-1-1-5,F-1-1-6,F-1-2-1,F-1-2-2,F-1-2-3,F-1-2-4,F-1-2-5,F-1-2-6,language,time_start,duration_consent,time_consent,duration_socios_demos,time_socios_demos,duration_field,time_field,duration_conjoint,time_conjoint,duration_global_tax,time_global_tax,duration_warm_glow_substitute,time_warm_glow_substitute,duration_gcs,time_gcs,duration_ics,time_ics,duration_warm_glow_realism,time_warm_glow_realism,duration_ncqg_maritime,time_ncqg_maritime,duration_wealth_tax,time_wealth_tax,duration_preferred_transfer_mean,time_preferred_transfer_mean,duration_radical_redistr,time_radical_redistr,duration_custom_redistr,time_custom_redistr,duration_scenarios_tax,time_scenarios_tax,duration_end,time_end,duration_main_questions,Open-endedfield_order_issue_field,Open-endedfield_order_injustice_field,Open-endedfield_order_wish_field,Open-endedfield_order_concerns_field,CapSharenon-universal_order_gcs_mid,CapSharenon-universal_order_gcs_high,CapSharenon-universal_order_ics_support,CapSharenon-universal_order_gcs_low,CapSharenon-universal_order_gcs_high_color,Wealthtaxdependingonsetsofcountries_order_hic_tax_support,Wealthtaxdependingonsetsofcountries_order_global_tax_support,Wealthtaxdependingonsetsofcountries_order_intl_tax_support,Well-being_order_well_being_gallup_1,Well-being_order_well_being_wvs_1,Well-being_order_well_being_wvs_0,Well-being_order_well_being_gallup_0
2025-04-15T11:50:58Z,2025-04-15T12:15:48Z,IP Address,100,1489,TRUE,2025-04-15T12:15:49Z,,,,,50.3847,8.0475,anonymous,DE,Chrome,134.0.0.0,Android 10,393x873,Man,DE,30 to 34,"No, I was born in this country and my parents too",Yes,3,1,,,,,,,,,between $251 and $300,7-8 Master's or higher,Full-time employed,60313,,Owner,,,Likely,Yes,,,,,,,,,Grüne,,,"Ich möchte mehr finanzielle Stabilität, ich möchte eine zusätzliche Einkommensquelle",,,Candidate B,20,35,20,10,15,3,5,1,2,4,,,,,,,,,,,,,,,,,,,,,,,,,,,,Yes,,Yes,,70,Yes,Likely,Strongly support,Indifferent,Somewhat support,Somewhat support,Somewhat support,Strongly support,Strongly support,Somewhat support,Somewhat support,Somewhat oppose,2,7,4,6,10,3,1,9,5,8,,,,,,,,"Increase climate finance to match what developing countries are asking for ($600 billion in grants, or 0.9% of GDP).",7,6,5,4,3,2,1,,Yes,,Scenario A,,,Somewhat support,A little,The best way,A right way,A right way,A right way,A right way,An acceptable way,An acceptable way,7,6,5,4,3,2,1,Yes,,,I could attend a demonstration.,I could go on strike.,I could donate [amount_lottery: $100] to a strike fund.,"Yes, I would be more likely to vote for my party if it joined that coalition (or to vote for another party if only that other party joined the coalition).",1,2,3,High-income countries have a historical responsibility for the current situation in low-income countries.,"In the long run, it is in the interest of high-income countries to help low-income countries.",Helping those in need is the right thing to do. This is also true at the international level.,,2,3,1,4,Somewhat support,3300,10.195,168.229,168.933,65,I am satisfied with my custom redistribution.,,7,,,,increase,3,2,1,Agree,My family and myself,,,,4.2,10.007,50.207,4,"No, I do not feel it was biased","Es ist eine tolle Idee, bei dieser Umfrage 100 Euro zu gewinnen. Wenn ich gewinne, werde ich es einer Umweltorganisation in meiner Nähe spenden.",,620,380,4,141675_437f93c0,141675_cce9bb55,141675_1756c4fe,141675,1489,,DE,3,1,0,1,1,1,0,1,1,high_color,0,0,1,1,0,Steuerpolitik,Gesellschaft,Außenpolitik,Klimaschutz,Wirtschaftspolitik,,-,Beschleunigte Verfahren zur Erlangung der deutschen Staatsangehörigkeit einschränken,Die Ukraine militärisch und finanziell unterstützen,Einführung einer Mindestquote für grünen Stahl und Zement im öffentlichen Beschaffungswesen,"500 Milliarden Euro in strategische Sektoren wie Stahl, Automobilindustrie und Verteidigung investieren.",,Abschaffung der Erbschaftssteuer,Beschleunigte Verfahren zur Erlangung der deutschen Staatsangehörigkeit einschränken,Kürzung der Entwicklungshilfe,Neuwagen mit Verbrennungsmotor ab 2035 verbieten.,Mindestlohn bis 2026 auf 15 € erhöhen,,DE,1744717938.794,29.4110000133514,1744717968.205,96.9990000724792,1744718065.204,34.5869998931885,1744718099.791,66.7700002193451,1744718166.561,148.690999984741,1744718315.252,37.4469997882843,1744718352.699,245.411000013351,1744718598.11,48.2990000247955,1744718646.409,109.111999988556,1744718755.521,68.8849999904633,1744718824.406,31.7070000171661,1744718856.113,31.2000000476837,1744719041.371,92.8389999866486,1744719134.21,192.302000045776,1744719326.512,154.058000087738,1744719010.171,48.4449999332428,1744719374.957,,,,1,,,,2,,1,1,,,,,,1
2025-04-15T11:55:33Z,2025-04-15T12:20:29Z,IP Address,100,1495,TRUE,2025-04-15T12:20:29Z,,,,,48.7045,9.0232,anonymous,DE,Chrome,135.0.0.0,Windows NT 10.0,1440x900,Woman,DE,80 to 84,"No, I was born in this country and my parents too",No,1,0,,,,,,,,,less than $100,2 Medium school,Retired,71083,Tenant,,,,Very unlikely,Yes,,,,,,,,,Grüne,,,,nein,,Candidate A,25,30,5,5,35,3,4,1,2,5,,,,,,,,,,,,,,,,,,,,,,,,,,,,,,Yes,25,,Yes,Likely,Strongly support,Indifferent,Somewhat support,Somewhat support,Somewhat support,Somewhat support,Somewhat support,Somewhat support,Somewhat support,Indifferent,3,5,8,6,2,4,1,9,7,10,,,,,,,,"Meet the newly agreed goal by tripling grants and loans ($100 billion in grants, or 0.15% of GDP).",7,6,5,4,3,2,1,,Yes,,,Scenario B,Somewhat support,,A little,A right way,A wrong way,A wrong way,An acceptable way,An acceptable way,A right way,A wrong way,1,2,3,4,5,6,7,Yes,,I could sign a petition and spread ideas.,,,,"Yes, I would be more likely to vote for my party if it joined that coalition (or to vote for another party if only that other party joined the coalition).",1,2,3,,,Helping those in need is the right thing to do. This is also true at the international level.,,3,1,2,4,Somewhat support,1195,7.664,184.992,187.218,7,I am satisfied with my custom redistribution.,,,8,,,increase,3,2,1,Neither agree nor disagree,Humans,,,,6.179,11.227,12.234,2,"No, I do not feel it was biased",,,601,201,2.1,141675_437f93c0,141675_cce9bb55,141675_1756c4fe,141675,1495,,DE,2,2,0,1,1,0,0,1,0,high,0,1,0,1,1,Steuerpolitik,Gesellschaft,Wirtschaftspolitik,Klimaschutz,Außenpolitik,,Keine Steuern auf Überstunden und Arbeit im Rentenalter.,20.000 € staatlicher Zuschuss bei Geburt eines Kindes.,"500 Milliarden Euro in strategische Sektoren wie Stahl, Automobilindustrie und Verteidigung investieren.",-,Die Ukraine militärisch und finanziell unterstützen,,-,20.000 € staatlicher Zuschuss bei Geburt eines Kindes.,"500 Milliarden Euro in strategische Sektoren wie Stahl, Automobilindustrie und Verteidigung investieren.","Aufhebung des Heizungsgesetzes, das erneuerbare Energien vorschreibt",Kürzung der Entwicklungshilfe,,DE,1744718134.497,7.87000012397766,1744718142.367,100.190999984741,1744718242.558,16.0590000152588,1744718258.617,51.4110000133514,1744718310.028,277.74599981308,1744718587.774,0,1744718587.774,109.738000154495,1744718697.512,36.1519999504089,1744718733.664,160.322000026703,1744718893.986,81.4939999580383,1744718975.48,32.9800000190735,1744719008.46,61.3380000591278,1744719220.588,97.3650000095367,1744719317.953,236.401999950409,1744719554.355,150.789999961853,1744719159.25,62.1710000038147,1744719616.526,,1,,,,,1,2,,,1,,,1,,,
2025-04-15T12:00:40Z,2025-04-15T12:22:17Z,IP Address,100,1297,TRUE,2025-04-15T12:22:18Z,,,,,52.4677,13.4061,anonymous,DE,Edge,135.0.0.0,Windows NT 10.0,2560x1440,Man,DE,55 to 59,"No, I was born in this country and my parents too",Yes,2,0,,,,,,,,,between $701 and $750,4 Professional diploma,Full-time employed,25451,,Owner,,,Unlikely,Yes,,,,,,,,,CDU/CSU,,Trump,,,,Candidate A,,,,,,,,,,,20,25,20,,,25,,10,,,,,,4,2,1,,,3,,5,,,,,,100,No,,Yes,,70,Yes,Very unlikely,Strongly support,Indifferent,Somewhat oppose,Strongly oppose,Strongly oppose,Indifferent,Strongly oppose,Strongly oppose,Somewhat oppose,Somewhat oppose,5,4,6,8,3,7,9,10,1,2,,,,,,,$100 billion,,,,,,,,,,,No,Scenario B,,,Strongly oppose,A little,A right way,An acceptable way,A wrong way,A wrong way,A wrong way,A wrong way,A wrong way,1,2,3,4,5,6,7,Yes,,I could sign a petition and spread ideas.,,,,My choice would not depend on which parties are part of that coalition.,3,2,1,,"In the long run, it is in the interest of high-income countries to help low-income countries.",,,2,1,3,4,Strongly oppose,5800,36.973,96.44,99.669,8,,,,,,7,increase,3,2,1,Disagree,[country_adjective_plural: Americans],,,,5.559,5.559,11.338,1,"Yes, right-wing biased",,,320,160,2,141675_437f93c0,141675_cce9bb55,141675_1756c4fe,141675,1297,,DE,3,2,0,1,2,1,0,2,1,high,1,1,0,1,0,Wirtschaftspolitik,Gesellschaft,Klimaschutz,Außenpolitik,Steuerpolitik,,Mindestlohn bis 2026 auf 15 € erhöhen,-,Einführung einer Mindestquote für grünen Stahl und Zement im öffentlichen Beschaffungswesen,Die Ukraine militärisch und finanziell unterstützen,Keine Steuern auf Überstunden und Arbeit im Rentenalter.,,Strompreise durch Steuersenkungen um 12 % senken,20.000 € staatlicher Zuschuss bei Geburt eines Kindes.,Einführung einer Mindestquote für grünen Stahl und Zement im öffentlichen Beschaffungswesen,Die Ukraine militärisch und finanziell unterstützen,-,,DE,1744718442.527,37.5520000457764,1744718480.079,88.3619999885559,1744718568.441,11.3280000686646,1744718579.769,55.6929998397827,1744718635.462,243.47100019455,1744718878.933,75.6589999198914,1744718954.592,32.5869998931885,1744718987.179,29.9110000133514,1744719017.09,172.910000085831,1744719190,32.1600000858307,1744719222.16,26.5749998092651,1744719248.735,42.9790000915527,1744719367.802,131.711999893188,1744719499.514,173.930999994278,1744719673.445,76.0880000591278,1744719324.823,54.2060000896454,1744719727.651,,,,,1,,1,2,,,,,1,,1,,
2025-04-15T12:02:06Z,2025-04-15T12:23:16Z,IP Address,100,1270,TRUE,2025-04-15T12:23:17Z,,,,,53.7494,7.4775,anonymous,DE,Safari,18.3.1,Macintosh,1080x707,Woman,DE,80 to 84,"No, I was born in this country and my parents too",Yes,2,0,,,,,,,,,between $201 and $250,2 Medium school,Retired,26487,,Owner,,,Very unlikely,Yes,,,,,,,,,BSW,,,,Ungerechtigkeit,,Candidate A,,,,,,,,,,,,,,,,20,20,,0,,40,20,,,,,,,5,3,,4,,2,1,,100,Yes,,No,10,,Yes,Unlikely,Somewhat support,Somewhat support,Somewhat support,Somewhat oppose,Somewhat oppose,Somewhat support,Indifferent,Somewhat support,Somewhat oppose,Somewhat oppose,2,5,3,7,8,6,4,9,10,1,,,,,,,,"Increase climate finance to a level between what developed countries have agreed and what developing countries are asking for ($300 billion in grants, or 0.45% of GDP).",7,6,5,4,3,2,1,,Yes,,Scenario A,,,Somewhat support,A little,An acceptable way,A right way,A wrong way,A wrong way,An acceptable way,A right way,A right way,7,6,5,4,3,2,1,Yes,,I could sign a petition and spread ideas.,,,,"Yes, I would be more likely to vote for my party if it joined that coalition (or to vote for another party if only that other party joined the coalition).",3,2,1,,,Helping those in need is the right thing to do. This is also true at the international level.,,1,2,3,4,Indifferent,2800,9.572,194.898,196.174,43,,I want to skip this question.,,,,7,increase,3,2,1,Agree,Sentient beings (humans and animals),,,,11.6,16.032,17.824,3,"No, I do not feel it was biased",,,600,0,8,141675_437f93c0,141675_cce9bb55,141675_1756c4fe,141675,1270,,DE,3,3,0,1,2,1,0,1,1,high,0,1,1,0,1,Außenpolitik,Gesellschaft,Steuerpolitik,Klimaschutz,Wirtschaftspolitik,,Kürzung der Entwicklungshilfe,-,Keine Steuern auf Überstunden und Arbeit im Rentenalter.,-,-,,-,Einsatz elektronischer Fußfesseln zur Verfolgung von Gewalttätern gegen Frauen,Komplette Wiedereinführung der Schuldenbremse,"Aufhebung des Heizungsgesetzes, das erneuerbare Energien vorschreibt",Mindestlohn bis 2026 auf 15 € erhöhen,,DE,1744718527.561,7.36099982261658,1744718534.922,93.2870001792908,1744718628.209,70.423999786377,1744718698.633,32.3570001125336,1744718730.99,89.3150000572205,1744718820.305,15.7149999141693,1744718836.02,212.176000118256,1744719048.196,27.8769998550415,1744719076.073,122.746000051498,1744719198.819,56.3900001049042,1744719255.209,11.9539999961853,1744719267.163,43.2269999980927,1744719418.598,92.5950000286102,1744719511.193,225.211999893188,1744719736.405,108.207999944687,1744719375.371,42.2120001316071,1744719778.617,,1,,,,,1,2,,,1,,,,1,,
2025-04-15T12:08:29Z,2025-04-15T12:26:00Z,IP Address,100,1051,TRUE,2025-04-15T12:26:01Z,,,,,47.6712,9.1633,anonymous,DE,Safari iPhone,18.3.1,iPhone,414x896,Woman,DE,75 to 79,"No, I was born in this country and my parents too",Yes,3,0,,,,,,,,,between $251 and $300,2 Medium school,Retired,78467,,Owner,,,Very unlikely,Yes,,,,,,,,,CDU/CSU,,Gesundheit,,,,Candidate B,,,,,,,,,,,,,,30,,,,20,10,30,,,10,,,,4,,,,3,5,1,,,2,100,,,Yes,5,,Yes,Unlikely,Strongly support,Strongly support,Strongly support,Somewhat support,Somewhat support,Somewhat support,Strongly support,Somewhat support,Somewhat support,Somewhat support,9,8,10,4,7,5,1,2,3,6,,,,,,,,"Maintain current contributions ($26 billion per year in grants, that is 0.04% of developed countries' GDP, and $80 billion in loans, or 0.1% of GDP).",1,2,3,4,5,6,7,Yes,,,,Scenario B,Somewhat support,,A little,An acceptable way,An acceptable way,A wrong way,A wrong way,An acceptable way,An acceptable way,A wrong way,7,6,5,4,3,2,1,No,I would not support such a movement.,,,,,My choice would not depend on which parties are part of that coalition.,3,2,1,,"In the long run, it is in the interest of high-income countries to help low-income countries.",,,3,2,1,4,Somewhat oppose,4000,2.07,172.276,174.301,71,I am satisfied with my custom redistribution.,,,4,,,increase,1,2,3,Neither agree nor disagree,Humans,,,,3.81,7.927,8.544,4,"No, I do not feel it was biased",,,260,50,2,141675_437f93c0,141675_cce9bb55,141675_1756c4fe,141675,1051,,DE,2,1,0,1,2,0,0,1,0,low,1,1,0,0,1,Gesellschaft,Wirtschaftspolitik,Klimaschutz,Steuerpolitik,Außenpolitik,,-,-,-,Abschaffung der Erbschaftssteuer,Internationale Millionärssteuer von 30 % zur Finanzierung von Gesundheitsversorgung und Bildung in einkommensschwachen Ländern.,,Einsatz elektronischer Fußfesseln zur Verfolgung von Gewalttätern gegen Frauen,Strompreise durch Steuersenkungen um 12 % senken,-,Keine Steuern auf Überstunden und Arbeit im Rentenalter.,-,,DE,1744718910.257,11.8550000190735,1744718922.112,86.6180000305176,1744719008.73,22.2260000705719,1744719030.956,38.5329999923706,1744719069.489,57.7949998378754,1744719127.284,0,1744719127.284,116.719000101089,1744719244.003,35.8050000667572,1744719279.808,107.980999946594,1744719387.789,41.9839999675751,1744719429.773,17.6240000724792,1744719447.396,58.7310001850128,1744719624.051,82.896999835968,1744719706.948,197.302000045776,1744719904.25,117.924000024796,1744719565.32,47.2269999980927,1744719951.477,,,,,1,,,2,1,,,1,,1,,,
2025-04-15T12:05:56Z,2025-04-15T12:27:18Z,IP Address,100,1282,TRUE,2025-04-15T12:27:19Z,,,,,49.6249,9.6662,anonymous,DE,Edge,135.0.0.0,Windows NT 10.0,1920x1080,Man,DE,45 to 49,"No, I was born in this country and my parents too",Yes,5 or more,1,,,,,,,,,less than $100,6 Bachelor's,Self-employed,97900,,Owner,,,Very unlikely,Yes,,,,,,,,,AfD,,,,weniger Staat,,Neither of them,,,,,,,,,,,5,,,,,5,,,85,0,,5,,5,,,,,4,,,3,1,,2,,100,,0,No,,23,No,Unlikely,Strongly oppose,Somewhat oppose,Strongly oppose,Strongly oppose,Strongly oppose,Indifferent,Strongly oppose,Strongly oppose,Strongly oppose,Strongly oppose,5,10,9,3,6,4,7,1,8,2,,,,,,,$0,,,,,,,,,No,,,,Scenario A,Strongly oppose,,A little,A wrong way,A wrong way,A wrong way,A wrong way,A wrong way,A wrong way,A wrong way,7,6,5,4,3,2,1,No,I would not support such a movement.,,,,,"No, I would be less likely to vote for my party if it joined that coalition.",1,2,3,,,,None of the above.,3,1,2,4,Strongly oppose,2500,25.399,45.79,46.565,5,I am satisfied with my custom redistribution.,,6,,,,increase,1,2,3,Strongly disagree,My family and myself,,,,5.663,5.663,6.997,1,"Yes, left-wing biased",,,0,0,0,141675_437f93c0,141675_cce9bb55,141675_1756c4fe,141675,1282,,DE,2,3,0,1,2,2,1,2,0,high_color,1,1,1,0,0,Außenpolitik,Klimaschutz,Gesellschaft,Steuerpolitik,Wirtschaftspolitik,,Internationale Millionärssteuer von 30 % zur Finanzierung von Gesundheitsversorgung und Bildung in einkommensschwachen Ländern.,"Aufhebung des Heizungsgesetzes, das erneuerbare Energien vorschreibt",Beschleunigte Verfahren zur Erlangung der deutschen Staatsangehörigkeit einschränken,Abschaffung der Erbschaftssteuer,Mindestlohn bis 2026 auf 15 € erhöhen,,Die Ukraine militärisch und finanziell unterstützen,Einführung einer Mindestquote für grünen Stahl und Zement im öffentlichen Beschaffungswesen,-,Abschaffung der Erbschaftssteuer,-,,DE,1744718759.659,2.60199999809265,1744718762.261,445.213000059128,1744719207.474,22.558000087738,1744719230.032,34.4299998283386,1744719264.462,217.94100022316,1744719482.403,10.4429998397827,1744719492.846,63.9110000133514,1744719556.757,53.3399999141693,1744719610.097,91.0200002193451,1744719701.117,43.6629998683929,1744719744.78,14.0629999637604,1744719758.843,24.8029999732971,1744719878.067,62.3800001144409,1744719940.447,54.5079998970032,1744719994.955,94.4210000038147,1744719853.264,36.8980000019073,1744720031.853,,1,,,,,,2,,1,,1,,,,,1
2025-04-15T12:11:14Z,2025-04-15T12:33:10Z,IP Address,100,1315,TRUE,2025-04-15T12:33:10Z,,,,,51.0544,7.0532,anonymous,DE,Firefox,137.0,Macintosh,1920x1080,Man,DE,40 to 44,"No, I was born in this country and my parents too",Yes,2,0,,,,,,,,,less than $100,3-4 Vocational training,Retired,51373,Tenant,,,,Very unlikely,Yes,,,,,,,,,Grüne,,,,,Schere zwischen arm und reich.,Candidate B,35,30,15,5,15,4,2,5,1,3,,,,,,,,,,,,,,,,,,,,,,,,,,,,Yes,,Yes,12,,Yes,Unlikely,Strongly support,Strongly support,Strongly support,Strongly support,Strongly support,Somewhat support,Strongly support,Strongly support,Strongly support,Strongly support,9,6,7,1,2,8,5,3,10,4,,,,,,,,"Increase climate finance to match what NGOs are asking for (at least $1,000 billion per year in grants, that is 1.4% of GDP, is what Greenpeace, Oxfam, WWF, and the World Council of Churches ask for).",7,6,5,4,3,2,1,Yes,,,,Scenario B,Strongly support,,A little,A right way,A right way,An acceptable way,A right way,A right way,The best way,A right way,1,2,3,4,5,6,7,Yes,,I could sign a petition and spread ideas.,I could attend a demonstration.,I could go on strike.,,"Yes, I would be more likely to vote for my party if it joined that coalition (or to vote for another party if only that other party joined the coalition).",3,2,1,High-income countries have a historical responsibility for the current situation in low-income countries.,,Helping those in need is the right thing to do. This is also true at the international level.,,3,2,1,4,Strongly support,1650,79.323,100.927,103.227,5,I am satisfied with my custom redistribution.,,,3,,,increase,3,2,1,Strongly agree,Humans,,,,2.808,13.594,14.835,4,"Yes, left-wing biased",Ich habe keine weiteren Anmerkungen.,,600,200,9,141675_437f93c0,141675_cce9bb55,141675_1756c4fe,141675,1315,,DE,3,1,0,1,1,1,0,1,0,mid,0,1,1,0,1,Gesellschaft,Außenpolitik,Klimaschutz,Wirtschaftspolitik,Steuerpolitik,,20.000 € staatlicher Zuschuss bei Geburt eines Kindes.,-,-,"500 Milliarden Euro in strategische Sektoren wie Stahl, Automobilindustrie und Verteidigung investieren.",-,,Beschleunigte Verfahren zur Erlangung der deutschen Staatsangehörigkeit einschränken,Internationale Millionärssteuer von 30 % zur Finanzierung von Gesundheitsversorgung und Bildung in einkommensschwachen Ländern.,Einführung einer Mindestquote für grünen Stahl und Zement im öffentlichen Beschaffungswesen,Strompreise durch Steuersenkungen um 12 % senken,Keine Steuern auf Überstunden und Arbeit im Rentenalter.,,DE,1744719075.461,16.1289999485016,1744719091.59,100.810000181198,1744719192.4,18.0309998989105,1744719210.431,17.3910000324249,1744719227.822,58.4649999141693,1744719286.287,12.6870000362396,1744719298.974,113.463999986649,1744719412.438,21.1489999294281,1744719433.587,33.0540001392365,1744719466.641,38.1180000305176,1744719504.759,77.6949999332428,1744719582.454,24.4699997901917,1744719834.258,394.889000177383,1744720229.147,116.570999860764,1744720345.718,227.334000110626,1744719809.788,29.0870001316071,1744720374.805,,,1,,,1,,2,,,,1,,1,,,
2025-04-15T11:57:24Z,2025-04-15T12:35:16Z,IP Address,100,2272,TRUE,2025-04-15T12:35:17Z,,,,,49.407,8.6879,anonymous,DE,Edge,135.0.0.0,Windows NT 10.0,1366x768,Woman,DE,70 to 74,"No, I was born in this country and my parents too",No,1,0,,,,,,,,,between $201 and $250,2 Medium school,Retired,68723,,Owner,,,Very unlikely,Yes,,,,,,,,,CDU/CSU,,,,Bildung,,Neither of them,50,5,5,25,15,1,5,4,3,2,,,,,,,,,,,,,,,,,,,,,,,,,,,,,0,Yes,40,,Yes,Likely,Somewhat support,Indifferent,Indifferent,Somewhat support,Somewhat oppose,Indifferent,Somewhat support,Indifferent,Indifferent,Indifferent,7,3,4,1,8,10,5,6,9,2,,,,,,,,"Increase climate finance to a level between what developed countries have agreed and what developing countries are asking for ($300 billion in grants, or 0.45% of GDP).",7,6,5,4,3,2,1,Yes,,,,Scenario A,Strongly oppose,,A little,An acceptable way,A wrong way,A wrong way,A wrong way,A wrong way,A wrong way,A wrong way,1,2,3,4,5,6,7,I prefer not to answer,I would not support such a movement.,,,,,"No, I would be less likely to vote for my party if it joined that coalition.",3,2,1,,,,None of the above.,1,2,3,4,Indifferent,2100,136.243,194.612,195.972,6,,I want to skip this question.,,6,,,increase,3,2,1,Strongly disagree,Sentient beings (humans and animals),,,,6.309,6.309,10.806,1,"No, I do not feel it was biased",,,100,50,2,141675_437f93c0,141675_cce9bb55,141675_1756c4fe,141675,2272,,DE,2,2,0,1,1,2,0,1,0,high,1,0,1,0,1,Wirtschaftspolitik,Klimaschutz,Steuerpolitik,Außenpolitik,Gesellschaft,,Strompreise durch Steuersenkungen um 12 % senken,"Aufhebung des Heizungsgesetzes, das erneuerbare Energien vorschreibt",-,Kürzung der Entwicklungshilfe,Einsatz elektronischer Fußfesseln zur Verfolgung von Gewalttätern gegen Frauen,,"500 Milliarden Euro in strategische Sektoren wie Stahl, Automobilindustrie und Verteidigung investieren.","Aufhebung des Heizungsgesetzes, das erneuerbare Energien vorschreibt",Keine Steuern auf Überstunden und Arbeit im Rentenalter.,-,-,,DE,1744718246.022,214.5,1744718460.522,129.269999980927,1744718589.792,19.5909998416901,1744718609.383,89.8020000457764,1744718699.185,208.525000095367,1744718907.71,34.4459998607635,1744718942.156,155.636000156403,1744719097.792,61.7560000419617,1744719159.548,343.454999923706,1744719503.003,191.833999872208,1744719694.837,50.4769999980927,1744719745.314,76.8029999732971,1744720030.354,196.700999975204,1744720227.055,218.657999992371,1744720445.713,208.237000226974,1744719953.551,59.8250000476837,1744720505.538,,1,,,,,1,2,,,,1,,1,,,
2025-04-15T12:27:54Z,2025-04-15T12:38:54Z,IP Address,100,660,TRUE,2025-04-15T12:38:56Z,,,,,52.4836,13.3419,anonymous,DE,Firefox,137.0,Windows NT 10.0,1536x864,Man,DE,65 to 69,"No, I was born in this country and my parents too",Yes,2,0,,,,,,,,,between $401 and $500,3 High school diploma,Retired,10823,Tenant,,,,Very unlikely,Yes,,,,,,,,,Die Linke,,,neue küche,,,Neither of them,,,,,,,,,,,25,20,,,,,20,,,15,,20,,3,4,,,,,2,,,1,,5,,100,,0,No,,54,Yes,Likely,Somewhat oppose,Indifferent,Somewhat oppose,Somewhat oppose,Somewhat oppose,Somewhat oppose,Somewhat oppose,Somewhat oppose,Somewhat oppose,Somewhat oppose,6,1,2,9,5,10,8,7,3,4,,,,,,,,"Meet the newly agreed goal by tripling grants and loans ($100 billion in grants, or 0.15% of GDP).",7,6,5,4,3,2,1,Yes,,,,Scenario B,Strongly support,,A little,An acceptable way,An acceptable way,A right way,An acceptable way,An acceptable way,A right way,A right way,1,2,3,4,5,6,7,No,I would not support such a movement.,,,,,My choice would not depend on which parties are part of that coalition.,1,2,3,,,Helping those in need is the right thing to do. This is also true at the international level.,,2,1,3,4,Indifferent,3500,24.805,24.805,26.36,1,I am satisfied with my custom redistribution.,,3,,,,increase,1,2,3,Agree,Sentient beings (humans and animals),,,,13.515,17.712,27.506,2,"No, I do not feel it was biased",alles in ordnung,,401,101,7.1,141675_437f93c0,141675_cce9bb55,141675_1756c4fe,141675,660,,DE,1,1,0,1,2,2,0,1,0,mid,1,1,0,1,0,Gesellschaft,Wirtschaftspolitik,Steuerpolitik,Außenpolitik,Klimaschutz,,Einsatz elektronischer Fußfesseln zur Verfolgung von Gewalttätern gegen Frauen,"500 Milliarden Euro in strategische Sektoren wie Stahl, Automobilindustrie und Verteidigung investieren.",Komplette Wiedereinführung der Schuldenbremse,-,-,,Einsatz elektronischer Fußfesseln zur Verfolgung von Gewalttätern gegen Frauen,"500 Milliarden Euro in strategische Sektoren wie Stahl, Automobilindustrie und Verteidigung investieren.",-,Internationale Millionärssteuer von 30 % zur Finanzierung von Gesundheitsversorgung und Bildung in einkommensschwachen Ländern.,"Aufhebung des Heizungsgesetzes, das erneuerbare Energien vorschreibt",,DE,1744720076.676,20.5949997901917,1744720097.271,81.8610000610352,1744720179.132,15.8949999809265,1744720195.027,109.161000013351,1744720304.188,37.4240000247955,1744720341.612,22.9349999427795,1744720364.547,51.6019999980927,1744720416.149,12.710000038147,1744720428.859,37.6579999923706,1744720466.517,24.6619999408722,1744720491.179,8.81900000572205,1744720499.998,41.6239998340607,1744720584.087,35.2020001411438,1744720619.289,41.4689998626709,1744720660.757,42.4650001525879,1744720542.463,45.8110001087189,1744720706.568,,,,1,,1,,2,,,,1,,,,,1
2025-04-15T12:22:13Z,2025-04-15T12:43:13Z,IP Address,100,1259,TRUE,2025-04-15T12:43:14Z,,,,,50.8054,6.4942,anonymous,DE,Chrome,135.0.0.0,Windows NT 10.0,1536x864,Man,DE,50 to 54,"No, I was born in this country and my parents too",Yes,4,1,,,,,,,,,between $100 and $200,3-4 Vocational training,Full-time employed,50129,Tenant,,,,Unlikely,Yes,,,,,,,,,AfD,,,,Rentenarmut,,Candidate A,20,15,40,5,20,1,2,5,3,4,,,,,,,,,,,,,,,,,,,,,,,,,,,,Yes,,No,,10,Yes,Unlikely,Somewhat support,Somewhat oppose,Somewhat support,Somewhat support,Somewhat support,Somewhat support,Indifferent,Indifferent,Indifferent,Somewhat oppose,7,5,8,6,2,1,4,9,3,10,,,,,,,$100 billion,,,,,,,,,,No,,,Scenario A,Somewhat oppose,,A little,An acceptable way,An acceptable way,A wrong way,A wrong way,A wrong way,A right way,An acceptable way,7,6,5,4,3,2,1,Yes,,I could sign a petition and spread ideas.,,,,My choice would not depend on which parties are part of that coalition.,1,2,3,,,Helping those in need is the right thing to do. This is also true at the international level.,,1,3,2,4,Indifferent,3800,41.486,41.486,42.523,1,,I want to skip this question.,,7,,,decrease,1,2,3,Agree,Sentient beings (humans and animals),,,,9.194,9.194,14.854,1,"No, I do not feel it was biased",,,401,101,7.1,141675_437f93c0,141675_cce9bb55,141675_1756c4fe,141675,1259,,DE,3,2,0,1,1,1,1,2,0,mid,1,0,0,0,0,Gesellschaft,Wirtschaftspolitik,Außenpolitik,Steuerpolitik,Klimaschutz,,20.000 € staatlicher Zuschuss bei Geburt eines Kindes.,"500 Milliarden Euro in strategische Sektoren wie Stahl, Automobilindustrie und Verteidigung investieren.",Kürzung der Entwicklungshilfe,Keine Steuern auf Überstunden und Arbeit im Rentenalter.,-,,-,Strompreise durch Steuersenkungen um 12 % senken,Die Ukraine militärisch und finanziell unterstützen,-,Neuwagen mit Verbrennungsmotor ab 2035 verbieten.,,DE,1744719734.615,14.9140000343323,1744719749.529,116.861999988556,1744719866.391,31.4900000095367,1744719897.881,62.9319999217987,1744719960.813,94.0320000648498,1744720054.845,22.4919998645782,1744720077.337,96.4100000858307,1744720173.747,29.3180000782013,1744720203.065,206.700999975204,1744720409.766,45.2460000514984,1744720455.012,31.8629999160767,1744720486.875,68.8670001029968,1744720671.401,153.494999885559,1744720824.896,64.2269999980927,1744720889.123,115.658999919891,1744720602.534,89.047000169754,1744720978.17,,1,,,,1,,2,,,1,,,1,,,
2025-04-15T11:57:38Z,2025-04-15T12:45:34Z,IP Address,100,2875,TRUE,2025-04-15T12:45:34Z,,,,,49.9332,8.1573,anonymous,DE,Chrome,135.0.0.0,Windows NT 10.0,1920x1080,Man,DE,35 to 39,"No, I was born in this country and my parents too",Yes,3,1,,,,,,,,,between $401 and $500,3 High school diploma,Full-time employed,58791,,Owner,,,Very unlikely,Yes,,,,,,,,,AfD,,,,Tierschutz,,Candidate B,25,15,20,10,30,5,3,1,4,2,,,,,,,,,,,,,,,,,,,,,,,,,,,,,75,No,,69,Yes,Unlikely,Strongly support,Somewhat support,Indifferent,Somewhat support,Somewhat oppose,Somewhat support,Indifferent,Somewhat support,Somewhat support,Somewhat support,3,7,10,1,5,4,8,2,6,9,,,,,,,,"Meet the newly agreed goal by tripling grants and loans ($100 billion in grants, or 0.15% of GDP).",7,6,5,4,3,2,1,Yes,,,,Scenario B,Strongly support,,A little,A right way,The best way,A right way,A right way,A right way,A wrong way,A wrong way,7,6,5,4,3,2,1,Yes,,,,I could go on strike.,I could donate [amount_lottery: $100] to a strike fund.,"Yes, I would be more likely to vote for my party if it joined that coalition (or to vote for another party if only that other party joined the coalition).",1,2,3,,"In the long run, it is in the interest of high-income countries to help low-income countries.",,,2,3,1,4,Somewhat support,4500,27.777,94.163,95.69,8,I am satisfied with my custom redistribution.,,,,,3,increase,1,2,3,Neither agree nor disagree,Sentient beings (humans and animals),,,,1.821,1.821,5.347,1,"Yes, right-wing biased",,,520,240,6,141675_437f93c0,141675_cce9bb55,141675_1756c4fe,141675,2875,,DE,3,2,0,1,1,2,0,1,0,low,1,0,0,1,0,Steuerpolitik,Klimaschutz,Gesellschaft,Wirtschaftspolitik,Außenpolitik,,Komplette Wiedereinführung der Schuldenbremse,"Aufhebung des Heizungsgesetzes, das erneuerbare Energien vorschreibt",Beschleunigte Verfahren zur Erlangung der deutschen Staatsangehörigkeit einschränken,Mindestlohn bis 2026 auf 15 € erhöhen,Kürzung der Entwicklungshilfe,,Keine Steuern auf Überstunden und Arbeit im Rentenalter.,Einführung einer Mindestquote für grünen Stahl und Zement im öffentlichen Beschaffungswesen,Beschleunigte Verfahren zur Erlangung der deutschen Staatsangehörigkeit einschränken,Mindestlohn bis 2026 auf 15 € erhöhen,Kürzung der Entwicklungshilfe,,DE,1744718259.322,29.9679999351501,1744718289.29,44.7690000534058,1744718334.059,37.5599999427795,1744718371.619,78.3510000705719,1744718449.97,69.8069999217987,1744718519.777,13.7929999828339,1744718533.57,88.6930000782013,1744718622.263,36.8420000076294,1744718659.105,371.956000089645,1744719031.061,1538.88999986649,1744720569.951,20.944000005722,1744720590.895,51.2059998512268,1744720769.863,193.34600019455,1744720963.209,113.863999843597,1744721077.073,127.762000083923,1744720718.657,51.4110000133514,1744721128.484,,1,,,,,,2,1,,,1,,,1,,
2025-04-15T12:31:19Z,2025-04-15T12:45:42Z,IP Address,100,863,TRUE,2025-04-15T12:45:43Z,,,,,51.972,7.6002,anonymous,DE,Chrome,135.0.7049.38,Android 14,339x697,Man,DE,55 to 59,"No, I was born in this country and my parents too",No,1,0,,,,,,,,,between $201 and $250,7-8 Master's or higher,Full-time employed,67251,,Owner,,,Very unlikely,Yes,,,,,,,,,FDP,,Wirtschaftschaos durch Trumps Steuern.,,,,Candidate A,,,,,,,,,,,,30,,,,,10,30,,,20,10,,,3,,,,,4,5,,,1,2,,100,,,Yes,,21,Yes,Unlikely,Somewhat oppose,Indifferent,Somewhat support,Strongly support,Somewhat support,Somewhat support,Somewhat support,Somewhat support,Indifferent,Somewhat support,10,1,3,6,4,2,7,8,5,9,,,,,,,$100 billion,,,,,,,,,,,No,,Scenario B,Somewhat support,,A little,The best way,A right way,A wrong way,An acceptable way,A right way,An acceptable way,A wrong way,7,6,5,4,3,2,1,I prefer not to answer,,I could sign a petition and spread ideas.,,,,"Yes, I would be more likely to vote for my party if it joined that coalition (or to vote for another party if only that other party joined the coalition).",3,2,1,,,Helping those in need is the right thing to do. This is also true at the international level.,,2,3,1,4,Somewhat oppose,2100,4.116,25.299,27.062,8,I am satisfied with my custom redistribution.,,,,,7,not be affected,3,2,1,Agree,"People from my community (for example my region, my religion, my gender…)",,,,4.148,7.73,8.5,5,"No, I do not feel it was biased",,,601,201,2.1,141675_437f93c0,141675_cce9bb55,141675_1756c4fe,141675,863,,DE,3,2,0,1,2,0,1,2,0,high_color,0,0,0,1,0,Wirtschaftspolitik,Außenpolitik,Gesellschaft,Klimaschutz,Steuerpolitik,,-,Die Ukraine militärisch und finanziell unterstützen,-,"Aufhebung des Heizungsgesetzes, das erneuerbare Energien vorschreibt",-,,-,Internationale Millionärssteuer von 30 % zur Finanzierung von Gesundheitsversorgung und Bildung in einkommensschwachen Ländern.,Beschleunigte Verfahren zur Erlangung der deutschen Staatsangehörigkeit einschränken,-,Komplette Wiedereinführung der Schuldenbremse,,DE,1744720286.163,12.2119998931885,1744720298.375,103.003000020981,1744720401.378,36.1770000457764,1744720437.555,38.7279999256134,1744720476.283,74.8229999542236,1744720551.106,0,1744720551.106,55.5629999637604,1744720606.669,17.1260001659393,1744720623.795,123.378999948502,1744720747.174,46.3329999446869,1744720793.506,34.0939998626709,1744720827.6,51.095999956131,1744720929.408,111.355000019073,1744721040.763,41.2409999370575,1744721082.004,50.7120001316071,1744720878.312,52.4270000457764,1744721134.431,,,,,1,,,2,,1,,,1,,1,,
2025-04-15T12:20:32Z,2025-04-15T12:48:06Z,IP Address,100,1654,TRUE,2025-04-15T12:48:07Z,,,,,51.2674,14.0963,anonymous,DE,Chrome,115.0.0.0,Android 13,320x712,Woman,DE,75 to 79,"No, I was born in this country and my parents too",No,1,0,,,,,,,,,less than $100,3-4 Vocational training,Retired,01917,Tenant,,,,Very unlikely,Yes,,,,,,,,,CDU/CSU,,Krieg,,,,Neither of them,25,15,20,15,25,3,5,4,1,2,,,,,,,,,,,,,,,,,,,,,,,,,,,,,,Yes,55,,Yes,Likely,Somewhat support,Somewhat support,Somewhat support,Somewhat support,Somewhat support,Somewhat support,Somewhat support,Somewhat support,Somewhat support,Indifferent,1,2,8,4,3,9,5,10,6,7,,,,,,,$26 billion,,,,,,,,,,,Yes,,Scenario B,Somewhat support,,A little,An acceptable way,A right way,A right way,An acceptable way,A right way,An acceptable way,An acceptable way,1,2,3,4,5,6,7,Yes,I would not support such a movement.,,,,,"Yes, I would be more likely to vote for my party if it joined that coalition (or to vote for another party if only that other party joined the coalition).",3,2,1,,"In the long run, it is in the interest of high-income countries to help low-income countries.",Helping those in need is the right thing to do. This is also true at the international level.,,1,3,2,4,Indifferent,900,4.737,133.468,134.276,48,,I want to skip this question.,,,,3,increase,1,2,3,Neither agree nor disagree,Humans,,,,4.425,25.978,26.994,6,"No, I do not feel it was biased",,,401,101,7.1,141675_437f93c0,141675_cce9bb55,141675_1756c4fe,141675,1654,,DE,1,2,0,1,1,0,1,2,0,mid,1,1,0,1,1,Klimaschutz,Gesellschaft,Steuerpolitik,Wirtschaftspolitik,Außenpolitik,,Einführung einer Mindestquote für grünen Stahl und Zement im öffentlichen Beschaffungswesen,20.000 € staatlicher Zuschuss bei Geburt eines Kindes.,-,Strompreise durch Steuersenkungen um 12 % senken,-,,"Aufhebung des Heizungsgesetzes, das erneuerbare Energien vorschreibt",20.000 € staatlicher Zuschuss bei Geburt eines Kindes.,Komplette Wiedereinführung der Schuldenbremse,Strompreise durch Steuersenkungen um 12 % senken,Die Ukraine militärisch und finanziell unterstützen,,DE,1744719634.362,26.2590000629425,1744719660.621,145.254999876022,1744719805.876,33.3090000152588,1744719839.185,109.666000127792,1744719948.851,115.820999860764,1744720064.672,0,1744720064.672,113.279000043869,1744720177.951,214.87299990654,1744720392.824,113.165000200272,1744720505.989,83.8019998073578,1744720589.791,47.8970000743866,1744720637.688,84.875,1744720849.455,168.766000032425,1744721018.221,172.388000011444,1744721190.609,126.891999959946,1744720764.58,68.5729999542236,1744721259.182,,,,,1,1,,2,,,,,1,,1,,
2025-04-15T12:46:33Z,2025-04-15T12:59:57Z,IP Address,100,804,TRUE,2025-04-15T12:59:57Z,,,,,51.4862,7.0898,anonymous,DE,Edge,135.0.0.0,Windows NT 10.0,1024x768,Man,DE,55 to 59,"No, I was born in this country and my parents too",No,1,0,,,,,,,,,between $201 and $250,3-4 Vocational training,Retired,45478,Tenant,,,,Unlikely,Yes,,,,,,,,,SPD,,,das sich meine gesundheit verbessert,,,Candidate B,45,15,10,20,10,5,3,4,2,1,,,,,,,,,,,,,,,,,,,,,,,,,,,,Yes,,Yes,,53,Yes,Unlikely,Strongly oppose,Strongly oppose,Somewhat support,Somewhat oppose,Somewhat oppose,Somewhat oppose,Indifferent,Somewhat oppose,Indifferent,Somewhat support,3,9,1,10,6,8,2,5,4,7,,,,,,,$300 billion,,,,,,,,,,,Yes,,Scenario B,Somewhat support,,A little,A right way,An acceptable way,A right way,A right way,An acceptable way,A right way,An acceptable way,7,6,5,4,3,2,1,Yes,,,,,I could donate [amount_lottery: $100] to a strike fund.,"Yes, I would be more likely to vote for my party if it joined that coalition (or to vote for another party if only that other party joined the coalition).",3,2,1,,"In the long run, it is in the interest of high-income countries to help low-income countries.",,,2,3,1,4,Somewhat support,1850,12.733,35.131,36.83,11,I am satisfied with my custom redistribution.,,,,,5,increase,1,2,3,Neither agree nor disagree,Humans,,,,11.8,18.594,52.739,5,"No, I do not feel it was biased","sehr interessante umfrage, hat sehr wichtige themen behandelt",,401,101,7.1,141675_437f93c0,141675_cce9bb55,141675_1756c4fe,141675,804,,DE,3,1,0,1,1,1,1,2,0,mid,1,0,0,1,0,Außenpolitik,Klimaschutz,Wirtschaftspolitik,Gesellschaft,Steuerpolitik,,Kürzung der Entwicklungshilfe,-,Strompreise durch Steuersenkungen um 12 % senken,Beschleunigte Verfahren zur Erlangung der deutschen Staatsangehörigkeit einschränken,Abschaffung der Erbschaftssteuer,,Internationale Millionärssteuer von 30 % zur Finanzierung von Gesundheitsversorgung und Bildung in einkommensschwachen Ländern.,"Aufhebung des Heizungsgesetzes, das erneuerbare Energien vorschreibt",-,-,Keine Steuern auf Überstunden und Arbeit im Rentenalter.,,DE,1744721196.835,17.9049999713898,1744721214.74,108.62299990654,1744721323.363,29.4620001316071,1744721352.825,34.9579999446869,1744721387.783,63.9479999542236,1744721451.731,11.0950000286102,1744721462.826,49.1589999198914,1744721511.985,19.4200000762939,1744721531.405,84.4130001068115,1744721615.818,16.4329998493195,1744721632.251,31.6449999809265,1744721663.896,29.8610000610352,1744721732.905,88.4809999465942,1744721821.386,60.8380000591278,1744721882.224,39.1480000019073,1744721703.044,61.3120000362396,1744721943.536,,,,1,,1,,2,,,,,1,,1,,
2025-04-15T13:17:42Z,2025-04-15T13:30:37Z,IP Address,100,775,TRUE,2025-04-15T13:30:38Z,,,,,52.4991,13.3798,anonymous,DE,Safari iPhone,Unknown,iPhone,390x844,Man,DE,21 to 24,Not me but both my parents were born in a foreign country,No,4,0,,,,,,,,,between $251 and $300,6 Bachelor's,Part-time employed,70599,,,,Hosted free of charge,Likely,Yes,,,,,,,,,FDP,,Meine Zukunft,,,,Candidate A,,,,,,,,,,,,,,30,,20,10,,,30,,10,,,,,5,,3,4,,,1,,2,,100,No,,No,22,,Yes,Likely,Strongly oppose,Somewhat oppose,Indifferent,Somewhat oppose,Somewhat support,Somewhat support,Somewhat oppose,Somewhat oppose,Indifferent,Strongly oppose,4,9,1,5,2,3,8,7,10,6,,,,,,,$300 billion,,,,,,,,,,No,,Scenario B,,,Strongly oppose,A little,An acceptable way,A wrong way,A wrong way,An acceptable way,A right way,The best way,A right way,1,2,3,4,5,6,7,I prefer not to answer,I would not support such a movement.,,,,,"No, I would be less likely to vote for my party if it joined that coalition.",3,2,1,,"In the long run, it is in the interest of high-income countries to help low-income countries.",Helping those in need is the right thing to do. This is also true at the international level.,,3,2,1,4,Somewhat oppose,4800,3.682,35.903,36.646,18,I am satisfied with my custom redistribution.,,,5,,,increase,1,2,3,Neither agree nor disagree,My family and myself,,,,5.296,7.864,10.2,4,"Yes, left-wing biased",Keine,,0,340,4,141675_437f93c0,141675_cce9bb55,141675_1756c4fe,141675,775,,DE,2,1,0,1,2,1,0,2,1,high_color,0,0,1,1,1,Außenpolitik,Gesellschaft,Klimaschutz,Steuerpolitik,Wirtschaftspolitik,,-,20.000 € staatlicher Zuschuss bei Geburt eines Kindes.,"Aufhebung des Heizungsgesetzes, das erneuerbare Energien vorschreibt",Keine Steuern auf Überstunden und Arbeit im Rentenalter.,Mindestlohn bis 2026 auf 15 € erhöhen,,Kürzung der Entwicklungshilfe,Einsatz elektronischer Fußfesseln zur Verfolgung von Gewalttätern gegen Frauen,Einführung einer Mindestquote für grünen Stahl und Zement im öffentlichen Beschaffungswesen,Abschaffung der Erbschaftssteuer,Mindestlohn bis 2026 auf 15 € erhöhen,,DE,1744723063.552,8.97199988365173,1744723072.524,65.75,1744723138.274,7.32400012016296,1744723145.598,32.2419998645782,1744723177.84,68.085000038147,1744723245.925,19.5750000476837,1744723265.5,92.8289999961853,1744723358.329,29.1840000152588,1744723387.513,82.2490000724792,1744723469.762,54.470999956131,1744723524.233,25.1840000152588,1744723549.417,29.9060001373291,1744723682.894,54.6329998970032,1744723737.527,50.9219999313354,1744723788.449,103.570999860764,1744723652.988,38.1300001144409,1744723826.579,,,,,1,,,2,,1,1,,,1,,,
2025-04-15T13:49:31Z,2025-04-15T14:02:52Z,IP Address,100,801,TRUE,2025-04-15T14:02:52Z,,,,,52.5549,13.4645,anonymous,DE,Chrome,135.0.0.0,Windows NT 10.0,1920x1080,Man,DE,35 to 39,"No, I was born in this country and my parents too",No,1,0,,,,,,,,,between $201 and $250,3-4 Vocational training,Full-time employed,16356,Tenant,Owner,,,Very unlikely,Yes,,,,,,,,,Volt,,,,Klima und Sicherheit,,Candidate A,30,10,15,25,20,2,1,3,4,5,,,,,,,,,,,,,,,,,,,,,,,,,,,,,100,No,40,,Yes,Unlikely,Somewhat support,Strongly support,Strongly support,Indifferent,Somewhat oppose,Somewhat support,Somewhat support,Somewhat support,Somewhat oppose,Somewhat oppose,5,4,3,8,7,10,2,1,6,9,,,,,,,,"Increase climate finance to match what NGOs are asking for (at least $1,000 billion per year in grants, that is 1.4% of GDP, is what Greenpeace, Oxfam, WWF, and the World Council of Churches ask for).",7,6,5,4,3,2,1,Yes,,,,Scenario B,Somewhat support,,A little,A right way,A right way,A wrong way,A wrong way,A wrong way,An acceptable way,A wrong way,1,2,3,4,5,6,7,No,I would not support such a movement.,,,,,My choice would not depend on which parties are part of that coalition.,3,2,1,,"In the long run, it is in the interest of high-income countries to help low-income countries.",Helping those in need is the right thing to do. This is also true at the international level.,,3,2,1,4,Indifferent,2080,22.323,48.243,48.917,7,I am satisfied with my custom redistribution.,,,,,8,increase,1,2,3,Strongly disagree,Sentient beings (humans and animals),,,,9.253,13.153,15.462,2,"No, I do not feel it was biased",,,510,370,7,141675_437f93c0,141675_cce9bb55,141675_1756c4fe,141675,801,,DE,1,2,0,1,1,2,0,1,0,mid,1,1,0,1,1,Außenpolitik,Wirtschaftspolitik,Gesellschaft,Klimaschutz,Steuerpolitik,,-,"500 Milliarden Euro in strategische Sektoren wie Stahl, Automobilindustrie und Verteidigung investieren.",Einsatz elektronischer Fußfesseln zur Verfolgung von Gewalttätern gegen Frauen,Neuwagen mit Verbrennungsmotor ab 2035 verbieten.,Abschaffung der Erbschaftssteuer,,Kürzung der Entwicklungshilfe,Strompreise durch Steuersenkungen um 12 % senken,Einsatz elektronischer Fußfesseln zur Verfolgung von Gewalttätern gegen Frauen,Neuwagen mit Verbrennungsmotor ab 2035 verbieten.,-,,DE,1744724951.181,8.28999996185303,1744724959.471,67.7490000724792,1744725027.22,16.5249998569489,1744725043.745,25.0090000629425,1744725068.754,47.555999994278,1744725116.31,10.3710000514984,1744725126.681,58.5820000171661,1744725185.263,106.344000101089,1744725291.607,16.4009997844696,1744725308.008,47.6570000648499,1744725355.665,39.8470001220703,1744725395.512,63.0420000553131,1744725555.048,83.6339998245239,1744725638.682,69.8090000152588,1744725708.491,96.4939999580383,1744725492.006,27.1570000648499,1744725735.648,,1,,,,1,,2,,,,1,,,1,,
2025-04-15T13:53:37Z,2025-04-15T14:22:17Z,IP Address,100,1719,TRUE,2025-04-15T14:22:17Z,,,,,49.6113,9.466,anonymous,DE,Edge,135.0.0.0,Windows NT 10.0,1536x864,Man,DE,85 to 89,"No, I was born in this country and my parents too",Yes,2,0,,,,,,,,,between $301 and $400,2 Medium school,Retired,74722,,Owner,,,Unlikely,Yes,,,,,,,,,CDU/CSU,,,bin zufrieden,,,Candidate B,20,15,15,30,20,3,4,1,5,2,,,,,,,,,,,,,,,,,,,,,,,,,,,,Yes,,Yes,,30,Yes,Unlikely,Somewhat oppose,Indifferent,Somewhat support,Somewhat support,Somewhat oppose,Somewhat oppose,Somewhat oppose,Indifferent,Indifferent,Somewhat oppose,8,3,10,1,7,6,2,5,9,4,,,,,,,$100 billion,,,,,,,,,Yes,,,,Scenario B,Somewhat support,,A little,A wrong way,A right way,A right way,An acceptable way,An acceptable way,An acceptable way,A right way,7,6,5,4,3,2,1,Yes,,I could sign a petition and spread ideas.,,,,My choice would not depend on which parties are part of that coalition.,1,2,3,,"In the long run, it is in the interest of high-income countries to help low-income countries.",,,3,2,1,4,Somewhat oppose,3000,39.328,64.152,66.339,3,I am satisfied with my custom redistribution.,,,5,,,not be affected,1,2,3,Agree,My family and myself,,,,20.115,210.467,302.991,10,"No, I do not feel it was biased","Bereitschaft für die Umwelt was zu tun, ist bei den Menschen noch nicht so recht angekommen",,180,200,2,141675_437f93c0,141675_cce9bb55,141675_1756c4fe,141675,1719,,DE,2,2,0,1,1,1,1,2,0,mid,0,1,0,0,0,Außenpolitik,Steuerpolitik,Klimaschutz,Wirtschaftspolitik,Gesellschaft,,Internationale Millionärssteuer von 30 % zur Finanzierung von Gesundheitsversorgung und Bildung in einkommensschwachen Ländern.,-,Neuwagen mit Verbrennungsmotor ab 2035 verbieten.,"500 Milliarden Euro in strategische Sektoren wie Stahl, Automobilindustrie und Verteidigung investieren.",Einsatz elektronischer Fußfesseln zur Verfolgung von Gewalttätern gegen Frauen,,Die Ukraine militärisch und finanziell unterstützen,-,"Aufhebung des Heizungsgesetzes, das erneuerbare Energien vorschreibt",Mindestlohn bis 2026 auf 15 € erhöhen,Einsatz elektronischer Fußfesseln zur Verfolgung von Gewalttätern gegen Frauen,,DE,1744725217.934,13.8670001029968,1744725231.801,179.784999847412,1744725411.586,27.8389999866486,1744725439.425,63.1679999828339,1744725502.593,235.442000150681,1744725738.035,13.5149998664856,1744725751.55,101.0640001297,1744725852.614,244.52799987793,1744726097.142,33.5729999542236,1744726130.715,27.5390000343323,1744726158.254,19.1440000534058,1744726177.398,86.9049999713898,1744726333.692,96.0370001792908,1744726429.729,122.898999929428,1744726552.628,69.3889999389648,1744726246.787,80.8399999141693,1744726633.468,,,,1,,1,,2,,,,1,,1,,,
2025-04-15T14:21:54Z,2025-04-15T14:37:48Z,IP Address,100,954,TRUE,2025-04-15T14:37:48Z,,,,,50.8623,6.9483,anonymous,DE,Firefox,137.0,Windows NT 10.0,1536x864,Man,DE,70 to 74,"No, I was born in this country and my parents too",No,4,0,,,,,,,,,between $801 and $900,7-8 Master's or higher,Retired,50389,Tenant,,,,Unlikely,Yes,,,,,,,,,CDU/CSU,,,,Bildung,,Neither of them,35,20,5,10,30,3,4,5,2,1,,,,,,,,,,,,,,,,,,,,,,,,,,,,,,No,,51,No,Unlikely,Indifferent,Somewhat support,Indifferent,Indifferent,Somewhat support,Somewhat support,Somewhat support,Indifferent,Indifferent,Somewhat oppose,3,5,8,10,9,7,6,2,1,4,,,,,,,$26 billion,,,,,,,,,,No,,,Scenario A,Indifferent,,A little,A wrong way,A wrong way,A wrong way,A wrong way,An acceptable way,An acceptable way,An acceptable way,7,6,5,4,3,2,1,I prefer not to answer,,I could sign a petition and spread ideas.,,,,My choice would not depend on which parties are part of that coalition.,3,2,1,,,Helping those in need is the right thing to do. This is also true at the international level.,,1,2,3,4,Somewhat support,9600,13.84,58.648,59.649,24,,I want to skip this question.,8,,,,increase,1,2,3,Neither agree nor disagree,Humans,,,,5.786,8.938,10.233,4,"No, I do not feel it was biased",,,401,101,7.1,141675_437f93c0,141675_cce9bb55,141675_1756c4fe,141675,954,,DE,3,2,0,1,1,0,0,2,0,low,1,1,1,1,0,Klimaschutz,Außenpolitik,Wirtschaftspolitik,Gesellschaft,Steuerpolitik,,Einführung einer Mindestquote für grünen Stahl und Zement im öffentlichen Beschaffungswesen,Internationale Millionärssteuer von 30 % zur Finanzierung von Gesundheitsversorgung und Bildung in einkommensschwachen Ländern.,-,Beschleunigte Verfahren zur Erlangung der deutschen Staatsangehörigkeit einschränken,Keine Steuern auf Überstunden und Arbeit im Rentenalter.,,Einführung einer Mindestquote für grünen Stahl und Zement im öffentlichen Beschaffungswesen,Kürzung der Entwicklungshilfe,Strompreise durch Steuersenkungen um 12 % senken,20.000 € staatlicher Zuschuss bei Geburt eines Kindes.,Komplette Wiedereinführung der Schuldenbremse,,DE,1744726905.847,7.85000014305115,1744726913.697,87.5659999847412,1744727001.263,13.0880000591278,1744727014.351,41.0309998989105,1744727055.382,81.2520000934601,1744727136.634,0,1744727136.634,81.6329998970032,1744727218.267,47.2799999713898,1744727265.547,101.59700012207,1744727367.144,64.9570000171661,1744727432.101,31.8139998912811,1744727463.915,51.6219999790192,1744727617.548,93.1610000133514,1744727710.709,84.5739998817444,1744727795.283,102.011000156403,1744727565.926,52.864000082016,1744727848.147,,1,,,,,,2,1,,1,,,,,,1
2025-04-15T14:49:02Z,2025-04-15T14:50:51Z,IP Address,100,108,TRUE,2025-04-15T14:50:52Z,,,,,49.9874,8.4232,anonymous,DE,Firefox,137.0,Windows NT 10.0,1366x768,Man,DE,50 to 54,Not me but one of my parents was born in a foreign country,No,2,1,,,,,,,,,Prefer not to say,3-4 Vocational training,Part-time employed,64295,Tenant,,,,,,,,,,,,,,,,,,,,,,,,,,,,,,,,,,,,,,,,,,,,,,,,,,,,,,,,,,,,,,,,,,,,,,,,,,,,,,,,,,,,,,,,,,,,,,,,,,,,,,,,,,,,,,,,,,,,,,,,,,,,,,,,,,,,,,,,,,,,,,,,,,,,,,,,,,,,,,,,,,,,,,,,,,,141675_437f93c0,141675_cce9bb55,141675_1756c4fe,141675,108,QuotaMet,DE,,,0,1,1,2,1,1,1,,0,0,0,0,0,,,,,,,,,,,,,,,,,,,DE,1744728543.873,21.1530001163483,1744728565.026,,,,,,,,,,,,,,,,,,,,,,,,,,,,,,,,,,,,,,,,,,,,,,,
2025-04-15T14:32:51Z,2025-04-15T15:06:25Z,IP Address,100,2013,TRUE,2025-04-15T15:06:26Z,,,,,52.4096,13.5379,anonymous,DE,Firefox,115.0,Windows NT 6.1,1366x768,Woman,DE,75 to 79,"No, I was born in this country and my parents too",No,1,0,,,,,,,,,between $100 and $200,6 Bachelor's,Retired,15230,Tenant,,,,Very unlikely,Yes,,,,,,,,,SPD,,"ich mit meiner rente und kaum ersparnissen im pflegefall meinen kindern zur last falle. mit 79 jahren, einem lebenslangen berufsleben macht es mich betroffen, wenn menschen (politiker), die im monat soviel geld zur verfügung haben, wie ich das ganze jahr, davon sprechen, daß sich heute jeder etwas einschränken müsse.",,,,Candidate A,20,35,5,20,20,1,5,4,3,2,,,,,,,,,,,,,,,,,,,,,,,,,,,,No,,No,,15,No,Unlikely,Strongly support,Indifferent,Somewhat support,Somewhat oppose,Indifferent,Somewhat support,Somewhat oppose,Somewhat oppose,Somewhat oppose,Somewhat oppose,7,1,6,4,9,8,10,3,2,5,,,,,,,$26 billion,,,,,,,,,No,,,Scenario A,,,Somewhat oppose,A little,A right way,An acceptable way,A wrong way,A wrong way,An acceptable way,A right way,A wrong way,7,6,5,4,3,2,1,No,,I could sign a petition and spread ideas.,I could attend a demonstration.,,,My choice would not depend on which parties are part of that coalition.,3,2,1,,,Helping those in need is the right thing to do. This is also true at the international level.,,3,1,2,4,Strongly oppose,1570,11.395,81.733,85.053,11,,I want to skip this question.,,,,4,increase,3,2,1,Agree,Sentient beings (humans and animals),,,,8.419,114.039,120.242,4,"No, I do not feel it was biased","r inhalt der umfrage war recht schwer zu beantworten, da es sehr von der momentanen situation des befragten abhängt",,401,101,7.1,141675_437f93c0,141675_cce9bb55,141675_1756c4fe,141675,2013,,DE,1,1,0,1,1,1,1,2,1,high_color,1,0,0,1,0,Klimaschutz,Steuerpolitik,Wirtschaftspolitik,Gesellschaft,Außenpolitik,,Einführung einer Mindestquote für grünen Stahl und Zement im öffentlichen Beschaffungswesen,Keine Steuern auf Überstunden und Arbeit im Rentenalter.,"500 Milliarden Euro in strategische Sektoren wie Stahl, Automobilindustrie und Verteidigung investieren.",Einsatz elektronischer Fußfesseln zur Verfolgung von Gewalttätern gegen Frauen,Kürzung der Entwicklungshilfe,,"Aufhebung des Heizungsgesetzes, das erneuerbare Energien vorschreibt",Komplette Wiedereinführung der Schuldenbremse,Mindestlohn bis 2026 auf 15 € erhöhen,-,-,,DE,1744727704.312,10.4289999008179,1744727714.741,114.228000164032,1744727828.969,347.184000015259,1744728176.153,52.6659998893738,1744728228.818,177.782999992371,1744728406.601,58.1610000133514,1744728464.762,258.244999885559,1744728723.007,73.7160000801086,1744728796.723,175.042000055313,1744728971.765,83.8909997940063,1744729055.656,46.489000082016,1744729102.145,19.1050000190735,1744729326.575,103.394999980927,1744729429.97,104.068000078201,1744729534.038,205.325000047684,1744729307.47,57.6409997940063,1744729591.679,,,,,1,,,2,,1,,1,,,1,,
2025-04-15T14:49:47Z,2025-04-15T15:11:53Z,IP Address,100,1326,TRUE,2025-04-15T15:11:54Z,,,,,48.3515,8.9692,anonymous,DE,Opera,117.0.0.0,Windows NT 10.0,1536x864,Man,DE,75 to 79,"No, I was born in this country and my parents too",No,2,0,,,,,,,,,between $701 and $750,2 Medium school,Retired,72116,,Owner,,,Unlikely,Yes,,,,,,,,,FDP,,,,heutige Jugend,,Neither of them,30,15,20,10,25,4,1,2,5,3,,,,,,,,,,,,,,,,,,,,,,,,,,,,No,,No,,70,No,Likely,Indifferent,Indifferent,Somewhat support,Somewhat support,Indifferent,Indifferent,Somewhat support,Somewhat support,Indifferent,Somewhat oppose,3,2,1,5,4,10,7,6,8,9,,,,,,,,"Maintain current contributions ($26 billion per year in grants, that is 0.04% of developed countries' GDP, and $80 billion in loans, or 0.1% of GDP).",7,6,5,4,3,2,1,,Yes,,,Scenario B,Indifferent,,A little,An acceptable way,An acceptable way,A wrong way,A wrong way,An acceptable way,A wrong way,A wrong way,1,2,3,4,5,6,7,I prefer not to answer,,I could sign a petition and spread ideas.,,,,My choice would not depend on which parties are part of that coalition.,3,2,1,High-income countries have a historical responsibility for the current situation in low-income countries.,,,,3,2,1,4,Indifferent,4500,52.999,52.999,54.804,1,,I want to skip this question.,5,,,,increase,1,2,3,Neither agree nor disagree,Humans,,,,15.355,15.355,20.276,1,"No, I do not feel it was biased",,,401,101,7.1,141675_437f93c0,141675_cce9bb55,141675_1756c4fe,141675,1326,,DE,2,2,0,1,1,1,1,1,0,low,1,0,1,1,0,Steuerpolitik,Außenpolitik,Wirtschaftspolitik,Klimaschutz,Gesellschaft,,Komplette Wiedereinführung der Schuldenbremse,-,Mindestlohn bis 2026 auf 15 € erhöhen,"Aufhebung des Heizungsgesetzes, das erneuerbare Energien vorschreibt",20.000 € staatlicher Zuschuss bei Geburt eines Kindes.,,-,-,Mindestlohn bis 2026 auf 15 € erhöhen,-,Beschleunigte Verfahren zur Erlangung der deutschen Staatsangehörigkeit einschränken,,DE,1744728591.693,14.3949999809265,1744728606.088,119.679999828339,1744728725.768,30.114000082016,1744728755.882,56.0480000972748,1744728811.93,99.425999879837,1744728911.356,77.5060000419617,1744728988.862,107.805999994278,1744729096.668,30.8819999694824,1744729127.55,199.365000009537,1744729326.915,63.7049999237061,1744729390.62,32.0340001583099,1744729422.654,88.4650001525879,1744729631.042,104.884000062943,1744729735.926,81.1139998435974,1744729817.04,119.922999858856,1744729542.577,76.4820001125336,1744729893.522,,1,,,,,,2,1,,1,,,,,,1
2025-04-15T11:55:10Z,2025-04-15T15:14:02Z,IP Address,100,11932,TRUE,2025-04-15T15:14:03Z,,,,,52.5147,13.2504,anonymous,DE,Firefox,137.0,Windows NT 10.0,1600x900,Woman,DE,75 to 79,"No, I was born in this country and my parents too",Yes,2,0,,,,,,,,,between $301 and $400,3 High school diploma,Retired,14050,,Owner,,,Very unlikely,Yes,,,,,,,,,Grüne,,,,,"Dass es immer, überall und in jedem Bereich Ungerechtigkeiten geben wird. Eine generelle Gerechtigkeit wird es nie geben.",Neither of them,40,0,0,10,50,1,5,2,4,3,,,,,,,,,,,,,,,,,,,,,,,,,,,,,100,No,,13,No,Very unlikely,Somewhat oppose,Somewhat oppose,Somewhat support,Indifferent,Strongly oppose,Strongly support,Somewhat support,Strongly support,Strongly support,Strongly support,9,4,5,8,10,2,6,3,7,1,,,,,,,$300 billion,,,,,,,,,Yes,,,Scenario A,,,Somewhat oppose,A little,A right way,A wrong way,A wrong way,A wrong way,The best way,A right way,A wrong way,1,2,3,4,5,6,7,No,I would not support such a movement.,,,,,"No, I would be less likely to vote for my party if it joined that coalition.",1,2,3,,"In the long run, it is in the interest of high-income countries to help low-income countries.",,,1,2,3,4,Somewhat support,3600,1002.208,1714.388,1717.774,10,,I want to skip this question.,,,,Completely satisfied10,increase,1,2,3,Agree,Sentient beings (humans and animals),,,,15.739,21.338,132.937,2,"No, I do not feel it was biased","Ich befürchte, mit der Kurve zur Einkommensverteilung werden noch andere ihre Schwierigkeiten haben; ich musste leider passen",,600,200,2,141675_437f93c0,141675_cce9bb55,141675_1756c4fe,141675,11932,,DE,1,1,0,1,1,2,0,2,1,low,0,1,0,0,0,Steuerpolitik,Gesellschaft,Klimaschutz,Wirtschaftspolitik,Außenpolitik,,-,20.000 € staatlicher Zuschuss bei Geburt eines Kindes.,-,Mindestlohn bis 2026 auf 15 € erhöhen,-,,Komplette Wiedereinführung der Schuldenbremse,Einsatz elektronischer Fußfesseln zur Verfolgung von Gewalttätern gegen Frauen,"Aufhebung des Heizungsgesetzes, das erneuerbare Energien vorschreibt",Mindestlohn bis 2026 auf 15 € erhöhen,-,,DE,1744718111.559,209.789999961853,1744718321.349,188.000999927521,1744718509.35,173.196000099182,1744718682.546,80.2000000476837,1744718762.746,513.21799993515,1744719275.964,169.584000110626,1744719445.548,490.371999979019,1744719935.92,93.9579999446869,1744720029.878,400.421999931335,1744720430.3,3131.60100007057,1744723561.901,55.2869999408722,1744723617.188,261.010999917984,1744725996.714,2007.007999897,1744728003.722,1744.61000013351,1744729748.332,2118.5150001049,1744725735.703,161.329999923706,1744729909.662,,,1,,,,,2,1,,,1,,,1,,
2025-04-15T14:55:03Z,2025-04-15T15:16:23Z,IP Address,100,1279,TRUE,2025-04-15T15:16:23Z,,,,,49.4928,9.7818,anonymous,DE,Opera,88.0.0.0,Linux,393x851,Man,DE,55 to 59,"No, I was born in this country and my parents too",Yes,2,0,,,,,,,,,less than $100,3-4 Vocational training,Full-time employed,97996,,Owner,,,Very unlikely,Yes,,,,,,,,,AfD,,,,,"Das der Deutsche für das Ausland ausgebeutet wird, und selbst Flaschen sammelt",Candidate A,,,,,,,,,,,20,30,0,,,50,,,,,0,,,4,5,2,,,3,,,,,1,,,100,,,No,18,,No,Very unlikely,Strongly support,Somewhat support,Somewhat support,Strongly oppose,Somewhat oppose,Somewhat support,Strongly oppose,Strongly oppose,Strongly oppose,Somewhat oppose,5,3,4,6,1,8,9,10,7,2,,,,,,,,Stop all provision of climate finance.,1,2,3,4,5,6,7,,Yes,,,Scenario A,Strongly support,,A little,An acceptable way,An acceptable way,A wrong way,A wrong way,An acceptable way,A right way,An acceptable way,1,2,3,4,5,6,7,Yes,I would not support such a movement.,,,,,My choice would not depend on which parties are part of that coalition.,3,2,1,High-income countries have a historical responsibility for the current situation in low-income countries.,,,,3,2,1,4,Somewhat support,1900,3.715,103.672,104.872,24,I am satisfied with my custom redistribution.,,2,,,,increase,1,2,3,Strongly disagree,Sentient beings (humans and animals),,,,8.099,8.906,10.302,2,"Yes, left-wing biased",,,400,10,10,141675_437f93c0,141675_cce9bb55,141675_1756c4fe,141675,1279,,DE,2,3,0,1,2,0,1,1,0,high,1,1,1,0,1,Klimaschutz,Gesellschaft,Außenpolitik,Wirtschaftspolitik,Steuerpolitik,,-,-,-,"500 Milliarden Euro in strategische Sektoren wie Stahl, Automobilindustrie und Verteidigung investieren.",Abschaffung der Erbschaftssteuer,,"Aufhebung des Heizungsgesetzes, das erneuerbare Energien vorschreibt",Beschleunigte Verfahren zur Erlangung der deutschen Staatsangehörigkeit einschränken,Internationale Millionärssteuer von 30 % zur Finanzierung von Gesundheitsversorgung und Bildung in einkommensschwachen Ländern.,Mindestlohn bis 2026 auf 15 € erhöhen,-,,DE,1744728904.819,9.11100006103516,1744728913.93,190.348999977112,1744729104.279,96.6289999485016,1744729200.908,67.625,1744729268.533,79.444000005722,1744729347.977,0,1744729347.977,134.246999979019,1744729482.223,20.6280000209808,1744729502.851,180,1744729682.851,29.1949999332428,1744729712.046,40.8259999752045,1744729752.872,63.9530000686646,1744729899.086,100.071000099182,1744729999.157,121.417999982834,1744730120.575,82.2620000839233,1744729835.133,51.6080000400543,1744730172.183,,,1,,,,1,2,,,1,,,,,,1
2025-04-15T15:27:03Z,2025-04-15T15:28:13Z,IP Address,100,70,TRUE,2025-04-15T15:28:13Z,,,,,48.8894,9.2184,anonymous,DE,Chrome,125.0.0.0,Android 10,320x526,Man,DE,50 to 54,"No, I was born in this country and my parents too",No,1,0,,,,,,,,,Prefer not to say,2 Medium school,Full-time employed,71686,Tenant,,,,,,,,,,,,,,,,,,,,,,,,,,,,,,,,,,,,,,,,,,,,,,,,,,,,,,,,,,,,,,,,,,,,,,,,,,,,,,,,,,,,,,,,,,,,,,,,,,,,,,,,,,,,,,,,,,,,,,,,,,,,,,,,,,,,,,,,,,,,,,,,,,,,,,,,,,,,,,,,,,,,,,,,,,,141675_437f93c0,141675_cce9bb55,141675_1756c4fe,141675,70,QuotaMet,DE,,,0,1,1,0,0,2,0,,0,1,0,0,1,,,,,,,,,,,,,,,,,,,DE,1744730824.228,3.85700011253357,1744730828.085,,,,,,,,,,,,,,,,,,,,,,,,,,,,,,,,,,,,,,,,,,,,,,,
2025-04-15T15:17:03Z,2025-04-15T15:39:44Z,IP Address,100,1361,TRUE,2025-04-15T15:39:45Z,,,,,50.1103,8.7147,anonymous,DE,Firefox,137.0,Windows NT 10.0,1920x1080,Man,DE,70 to 74,"No, I was born in this country and my parents too",Yes,2,0,,,,,,,,,less than $100,4 Professional diploma,Retired,13435,Tenant,,,,Very unlikely,Yes,,,,,,,,,Volt,,Die Altersarmut,,,,Candidate A,,,,,,,,,,,,,,5,5,,,45,5,40,,,,,,,5,3,,,4,1,2,,,,100,Yes,,Yes,8,,Yes,Unlikely,Somewhat support,Somewhat support,Indifferent,Somewhat support,Somewhat support,Somewhat support,Somewhat support,Somewhat support,Somewhat support,Somewhat support,8,1,5,9,7,2,3,4,10,6,,,,,,,$600 billion,,,,,,,,,,Yes,,Scenario A,,,Somewhat support,A little,An acceptable way,An acceptable way,A wrong way,A wrong way,An acceptable way,An acceptable way,A wrong way,7,6,5,4,3,2,1,Yes,,I could sign a petition and spread ideas.,I could attend a demonstration.,I could go on strike.,,My choice would not depend on which parties are part of that coalition.,3,2,1,High-income countries have a historical responsibility for the current situation in low-income countries.,,Helping those in need is the right thing to do. This is also true at the international level.,,3,2,1,4,Somewhat support,1600,87.621,168.551,170.296,11,I am satisfied with my custom redistribution.,,,,3,,increase,3,2,1,Agree,Humans,,,,6.448,6.448,9.198,1,"No, I do not feel it was biased",,,510,130,7,141675_437f93c0,141675_cce9bb55,141675_1756c4fe,141675,1361,,DE,1,1,0,1,2,1,1,2,1,mid,1,0,0,1,1,Außenpolitik,Gesellschaft,Wirtschaftspolitik,Klimaschutz,Steuerpolitik,,Die Ukraine militärisch und finanziell unterstützen,-,Mindestlohn bis 2026 auf 15 € erhöhen,-,Komplette Wiedereinführung der Schuldenbremse,,Die Ukraine militärisch und finanziell unterstützen,-,-,"Aufhebung des Heizungsgesetzes, das erneuerbare Energien vorschreibt",Abschaffung der Erbschaftssteuer,,DE,1744730181.994,5.97099995613098,1744730187.965,116.848000049591,1744730304.813,16.1040000915527,1744730320.917,26.5169999599457,1744730347.434,93.6909999847412,1744730441.125,17.6110000610352,1744730458.736,42.1799998283386,1744730500.916,63.5110001564026,1744730564.427,139.80999994278,1744730704.237,78.2469999790192,1744730782.484,38.8780000209808,1744730821.362,50.9790000915527,1744731127.885,96.8129999637604,1744731224.698,198.643000125885,1744731423.341,255.543999910355,1744731076.906,109.824999809265,1744731533.166,,,,,1,1,,2,,,1,,,,,1,
2025-04-15T15:25:04Z,2025-04-15T15:57:56Z,IP Address,100,1971,TRUE,2025-04-15T15:57:56Z,,,,,49.4423,11.0191,anonymous,DE,Chrome,135.0.0.0,Android 10,360x800,Man,DE,55 to 59,"No, I was born in this country and my parents too",Yes,2,0,,,,,,,,,between $100 and $200,3-4 Vocational training,Full-time employed,90439,Tenant,,,,Very unlikely,Yes,,,,,,,,,Other,,,,Wirtschaft,,Neither of them,,,,,,,,,,,20,20,20,,,20,,,20,,,,,5,1,2,,,4,,,3,,,,,100,,,No,51,,Yes,Unlikely,Indifferent,Indifferent,Indifferent,Indifferent,Indifferent,Indifferent,Indifferent,Indifferent,Indifferent,Indifferent,5,2,8,9,4,10,7,3,6,1,,,,,,,,"Increase climate finance to match what NGOs are asking for (at least $1,000 billion per year in grants, that is 1.4% of GDP, is what Greenpeace, Oxfam, WWF, and the World Council of Churches ask for).",7,6,5,4,3,2,1,Yes,,,Scenario A,,,Indifferent,A little,The best way,The best way,The best way,The best way,The best way,The best way,The best way,1,2,3,4,5,6,7,No,,I could sign a petition and spread ideas.,,,,"Yes, I would be more likely to vote for my party if it joined that coalition (or to vote for another party if only that other party joined the coalition).",1,2,3,High-income countries have a historical responsibility for the current situation in low-income countries.,,,,2,3,1,4,Indifferent,2500,0.102,36.786,38.321,12,I am satisfied with my custom redistribution.,,,,,8,not be affected,3,2,1,Strongly agree,Sentient beings (humans and animals),,,,4.122,18.308,19.748,2,"No, I do not feel it was biased",,,280,220,4,141675_437f93c0,141675_cce9bb55,141675_1756c4fe,141675,1971,,DE,2,1,0,1,2,0,1,1,1,mid,1,1,1,1,1,Außenpolitik,Gesellschaft,Steuerpolitik,Klimaschutz,Wirtschaftspolitik,,Kürzung der Entwicklungshilfe,Beschleunigte Verfahren zur Erlangung der deutschen Staatsangehörigkeit einschränken,Abschaffung der Erbschaftssteuer,Neuwagen mit Verbrennungsmotor ab 2035 verbieten.,Strompreise durch Steuersenkungen um 12 % senken,,Internationale Millionärssteuer von 30 % zur Finanzierung von Gesundheitsversorgung und Bildung in einkommensschwachen Ländern.,20.000 € staatlicher Zuschuss bei Geburt eines Kindes.,Keine Steuern auf Überstunden und Arbeit im Rentenalter.,Neuwagen mit Verbrennungsmotor ab 2035 verbieten.,-,,DE,1744730705.484,1320.6210000515,1744732026.105,120.477999925613,1744732146.583,52.0980000495911,1744732198.681,59.1089999675751,1744732257.79,55.8090000152588,1744732313.599,0,1744732313.599,34.1879999637604,1744732347.787,13.4110000133514,1744732361.198,42.3020000457764,1744732403.5,13.0250000953674,1744732416.525,11.5999999046326,1744732428.125,19.9500000476837,1744732496.241,45.6340000629425,1744732541.875,69.430999994278,1744732611.306,48.1659998893738,1744732476.291,42.7630000114441,1744732654.069,,1,,,,1,,2,,,,1,,,1,,
2025-04-15T15:42:19Z,2025-04-15T16:01:27Z,IP Address,100,1147,TRUE,2025-04-15T16:01:27Z,,,,,50.005,8.2693,anonymous,DE,Chrome,135.0.0.0,Android 10,360x803,Woman,DE,85 to 89,"No, I was born in this country and my parents too",No,1,0,,,,,,,,,between $100 and $200,4 Professional diploma,Retired,55131,Tenant,,,,Very unlikely,Yes,,,,,,,,,SPD,,,,,Einkommensunterschied,Candidate A,10,25,0,40,25,5,4,2,1,3,,,,,,,,,,,,,,,,,,,,,,,,,,,,,44,Yes,,31,Yes,Unlikely,Strongly support,Strongly support,Somewhat support,Strongly support,Somewhat support,Somewhat support,Somewhat support,Somewhat support,Somewhat support,Somewhat support,8,7,9,10,6,5,4,2,3,1,,,,,,,$100 billion,,,,,,,,,Yes,,,,Scenario B,Strongly support,,A little,A right way,A wrong way,A wrong way,A wrong way,A right way,An acceptable way,A wrong way,1,2,3,4,5,6,7,Yes,,I could sign a petition and spread ideas.,,,I could donate [amount_lottery: $100] to a strike fund.,"Yes, I would be more likely to vote for my party if it joined that coalition (or to vote for another party if only that other party joined the coalition).",1,2,3,High-income countries have a historical responsibility for the current situation in low-income countries.,"In the long run, it is in the interest of high-income countries to help low-income countries.",Helping those in need is the right thing to do. This is also true at the international level.,,2,3,1,4,Somewhat support,1800,5.321,58.56,59.966,17,,I want to skip this question.,,,,8,increase,3,2,1,Neither agree nor disagree,Humans,,,,10.03,35.007,36.651,8,"Yes, left-wing biased",Nein danke,,600,200,4,141675_437f93c0,141675_cce9bb55,141675_1756c4fe,141675,1147,,DE,3,1,0,1,1,2,1,2,0,high_color,0,1,0,1,0,Klimaschutz,Steuerpolitik,Gesellschaft,Außenpolitik,Wirtschaftspolitik,,Neuwagen mit Verbrennungsmotor ab 2035 verbieten.,Keine Steuern auf Überstunden und Arbeit im Rentenalter.,Einsatz elektronischer Fußfesseln zur Verfolgung von Gewalttätern gegen Frauen,Internationale Millionärssteuer von 30 % zur Finanzierung von Gesundheitsversorgung und Bildung in einkommensschwachen Ländern.,-,,"Aufhebung des Heizungsgesetzes, das erneuerbare Energien vorschreibt",Abschaffung der Erbschaftssteuer,Beschleunigte Verfahren zur Erlangung der deutschen Staatsangehörigkeit einschränken,-,Mindestlohn bis 2026 auf 15 € erhöhen,,DE,1744731740.629,26.2420001029968,1744731766.871,102.904000043869,1744731869.775,70.3719999790192,1744731940.147,45.9559998512268,1744731986.102,91.3090000152588,1744732077.411,32.5720000267029,1744732109.983,82.191999912262,1744732192.174,44.1380000114441,1744732236.311,149.615999937057,1744732385.927,69.8489999771118,1744732455.776,26.2139999866486,1744732481.99,64.7089998722076,1744732623.494,100.309000015259,1744732723.803,77.305999994278,1744732801.109,76.7950000762939,1744732558.785,47.8570001125336,1744732848.966,,,1,,,,,2,,1,,1,,,1,,
2025-04-15T16:01:43Z,2025-04-15T16:46:48Z,IP Address,100,2705,TRUE,2025-04-15T16:46:49Z,,,,,51.3575,6.5456,anonymous,DE,Chrome,135.0.0.0,Macintosh,1440x900,Man,DE,35 to 39,"No, I was born in this country and my parents too",No,1,0,,,,,,,,,between $401 and $500,3 High school diploma,Student,47803,Tenant,,Landlord renting out property,,Very unlikely,Yes,,,,,,,,,Grüne,,Das Erstarken des Rechtsextremismus/Faschismus,,,,Candidate A,,,,,,,,,,,,,,10,,,10,,,5,60,,15,,,,4,,,1,,,3,5,,2,100,,,No,,20,No,Unlikely,Somewhat support,Strongly support,Somewhat support,Somewhat oppose,Indifferent,Somewhat support,Somewhat support,Indifferent,Somewhat support,Somewhat support,6,5,2,4,7,10,3,9,8,1,,,,,,,$300 billion,,,,,,,,,Yes,,,Scenario A,,,Somewhat oppose,A little,A right way,A right way,A wrong way,A wrong way,A right way,An acceptable way,A wrong way,7,6,5,4,3,2,1,No,,I could sign a petition and spread ideas.,,,,My choice would not depend on which parties are part of that coalition.,3,2,1,,"In the long run, it is in the interest of high-income countries to help low-income countries.",Helping those in need is the right thing to do. This is also true at the international level.,,1,2,3,4,Strongly oppose,2500,85.977,141.764,143.309,6,I am satisfied with my custom redistribution.,,6,,,,increase,3,2,1,Disagree,[country_adjective_plural: Americans],,,,4.333,4.333,16.848,1,"No, I do not feel it was biased",,,500,100,5,141675_437f93c0,141675_cce9bb55,141675_1756c4fe,141675,2705,,DE,3,1,0,1,2,0,0,2,1,low,0,0,1,1,0,Außenpolitik,Steuerpolitik,Wirtschaftspolitik,Gesellschaft,Klimaschutz,,Die Ukraine militärisch und finanziell unterstützen,Keine Steuern auf Überstunden und Arbeit im Rentenalter.,"500 Milliarden Euro in strategische Sektoren wie Stahl, Automobilindustrie und Verteidigung investieren.",-,-,,Kürzung der Entwicklungshilfe,Abschaffung der Erbschaftssteuer,-,Beschleunigte Verfahren zur Erlangung der deutschen Staatsangehörigkeit einschränken,Einführung einer Mindestquote für grünen Stahl und Zement im öffentlichen Beschaffungswesen,,DE,1744732904.189,11.2720000743866,1744732915.461,99.9969999790192,1744733015.458,19.1449999809265,1744733034.603,28.1549999713898,1744733062.758,61.0130000114441,1744733123.771,0,1744733123.771,106.400000095367,1744733230.171,33.9679999351501,1744733264.139,76.1210000514984,1744733340.26,80.7130000591278,1744733420.973,33.8539998531342,1744733454.827,40.1419999599457,1744735211.036,179.721999883652,1744735390.758,159.121000051498,1744735549.879,1716.06700015068,1744735170.894,41.6040000915527,1744735591.483,,,,,1,,,2,1,,,1,,,,,1
2025-04-15T16:37:08Z,2025-04-15T16:51:16Z,IP Address,100,848,TRUE,2025-04-15T16:51:17Z,,,,,51.3803,8.0845,anonymous,DE,Opera,117.0.0.0,Windows NT 10.0,1920x1080,Man,DE,75 to 79,"No, I was born in this country and my parents too",Yes,2,0,,,,,,,,,between $501 and $600,7-8 Master's or higher,Retired,59846,,Owner,,,Unlikely,Yes,,,,,,,,,SPD,,der Klimawandel und Trump,,,,Candidate A,25,25,5,30,15,4,1,5,2,3,,,,,,,,,,,,,,,,,,,,,,,,,,,,Yes,,Yes,,30,Yes,Unlikely,Strongly support,Strongly support,Somewhat support,Strongly support,Strongly support,Strongly support,Strongly support,Strongly support,Somewhat support,Strongly support,3,6,2,7,10,8,4,5,1,9,,,,,,,,"Increase climate finance to match what developing countries are asking for ($600 billion in grants, or 0.9% of GDP).",1,2,3,4,5,6,7,Yes,,,Scenario A,,,Somewhat support,A little,A right way,A right way,An acceptable way,A right way,A right way,A right way,An acceptable way,7,6,5,4,3,2,1,Yes,,I could sign a petition and spread ideas.,I could attend a demonstration.,,,"Yes, I would be more likely to vote for my party if it joined that coalition (or to vote for another party if only that other party joined the coalition).",1,2,3,High-income countries have a historical responsibility for the current situation in low-income countries.,"In the long run, it is in the interest of high-income countries to help low-income countries.",Helping those in need is the right thing to do. This is also true at the international level.,,3,1,2,4,Strongly support,4500,21.597,112.193,113.482,20,I am satisfied with my custom redistribution.,,,,7,,increase,1,2,3,Agree,Humans,,,,8.921,8.921,22.377,1,"No, I do not feel it was biased",,,690,20,3,141675_437f93c0,141675_cce9bb55,141675_1756c4fe,141675,848,,DE,3,2,0,1,1,1,1,1,1,mid,1,1,1,1,0,Wirtschaftspolitik,Gesellschaft,Klimaschutz,Außenpolitik,Steuerpolitik,,-,Einsatz elektronischer Fußfesseln zur Verfolgung von Gewalttätern gegen Frauen,-,-,Keine Steuern auf Überstunden und Arbeit im Rentenalter.,,Strompreise durch Steuersenkungen um 12 % senken,Einsatz elektronischer Fußfesseln zur Verfolgung von Gewalttätern gegen Frauen,"Aufhebung des Heizungsgesetzes, das erneuerbare Energien vorschreibt",Kürzung der Entwicklungshilfe,Keine Steuern auf Überstunden und Arbeit im Rentenalter.,,DE,1744735029.675,4.82500004768372,1744735034.5,70.8280000686646,1744735105.328,15.4459998607635,1744735120.774,29.6970000267029,1744735150.471,53.9279999732971,1744735204.399,12.4790000915527,1744735216.878,79.8499999046326,1744735296.728,20.8430001735687,1744735317.571,134.080999851227,1744735451.652,35.2850000858307,1744735486.937,15.8320000171661,1744735502.769,44.9119999408722,1744735631.55,56.4349999427795,1744735687.985,133.433000087738,1744735821.418,83.8689999580383,1744735586.638,32.7460000514984,1744735854.164,,,,,1,1,,2,,,,1,,,,1,
2025-04-15T17:06:30Z,2025-04-15T17:26:40Z,IP Address,100,1209,TRUE,2025-04-15T17:26:41Z,,,,,48.3461,10.8969,anonymous,DE,Chrome,135.0.0.0,Android 10,412x915,Man,DE,45 to 49,"No, I was born in this country and my parents too",Yes,2,0,,,,,,,,,between $601 and $700,2 Medium school,Full-time employed,86368,,Owner,Landlord renting out property,,Unlikely,Yes,,,,,,,,,CDU/CSU,,,,,Die Leute die das Land am laufen halten nicht gehört werden,Candidate B,,,,,,,,,,,,25,,5,,25,,,20,,25,,,,2,,5,,3,,,1,,4,,,100,Yes,,No,,39,No,Unlikely,Somewhat support,Somewhat support,Somewhat support,Somewhat oppose,Somewhat support,Somewhat support,Indifferent,Somewhat support,Indifferent,Indifferent,9,7,10,4,6,8,1,3,5,2,,,,,,,$300 billion,,,,,,,,,Yes,,,Scenario A,,,Somewhat support,A little,An acceptable way,A right way,A wrong way,A wrong way,An acceptable way,A wrong way,A wrong way,7,6,5,4,3,2,1,Yes,,I could sign a petition and spread ideas.,,,,"Yes, I would be more likely to vote for my party if it joined that coalition (or to vote for another party if only that other party joined the coalition).",1,2,3,,,Helping those in need is the right thing to do. This is also true at the international level.,,1,3,2,4,Strongly oppose,5000,3.198,51.888,52.544,23,I am satisfied with my custom redistribution.,,,7,,,increase,3,2,1,Agree,Humans,,,,3.742,6.127,10.759,4,"No, I do not feel it was biased",,,430,50,7,141675_437f93c0,141675_cce9bb55,141675_1756c4fe,141675,1209,,DE,2,2,0,1,2,1,1,2,1,low,1,0,0,1,0,Klimaschutz,Gesellschaft,Steuerpolitik,Außenpolitik,Wirtschaftspolitik,,"Aufhebung des Heizungsgesetzes, das erneuerbare Energien vorschreibt",20.000 € staatlicher Zuschuss bei Geburt eines Kindes.,Abschaffung der Erbschaftssteuer,Internationale Millionärssteuer von 30 % zur Finanzierung von Gesundheitsversorgung und Bildung in einkommensschwachen Ländern.,"500 Milliarden Euro in strategische Sektoren wie Stahl, Automobilindustrie und Verteidigung investieren.",,"Aufhebung des Heizungsgesetzes, das erneuerbare Energien vorschreibt",20.000 € staatlicher Zuschuss bei Geburt eines Kindes.,Keine Steuern auf Überstunden und Arbeit im Rentenalter.,Kürzung der Entwicklungshilfe,Strompreise durch Steuersenkungen um 12 % senken,,DE,1744736793.978,6.69000005722046,1744736800.668,129.926000118256,1744736930.594,67.2219998836517,1744736997.816,33.9000000953674,1744737031.716,61.0069999694824,1744737092.723,26.6369998455048,1744737119.36,166.109000205994,1744737285.469,24.4809999465942,1744737309.95,236.717000007629,1744737546.667,67.6859998703003,1744737614.353,21.1019999980927,1744737635.455,37.2650001049042,1744737790.88,74.5799999237061,1744737865.46,72.8369998931885,1744737938.297,118.161000013351,1744737753.615,53.5729999542236,1744737991.87,,,1,,,,,2,1,,,1,,1,,,
2025-04-15T17:19:43Z,2025-04-15T17:27:11Z,IP Address,100,447,TRUE,2025-04-15T17:27:11Z,,,,,51.1847,14.4223,anonymous,DE,Edge,135.0.0.0,Windows NT 10.0,1920x1080,Man,DE,55 to 59,"No, I was born in this country and my parents too",No,2,0,,,,,,,,,between $401 and $500,3-4 Vocational training,Full-time employed,02625,,Owner,,,Very unlikely,Yes,,,,,,,,,AfD,,Gesundheit,,,,Candidate B,,,,,,,,,,,,,5,,,,,65,15,,5,,10,,,2,,,,,5,1,,3,,4,100,No,,No,30,,No,Unlikely,Strongly oppose,Indifferent,Somewhat oppose,Somewhat oppose,Somewhat oppose,Somewhat oppose,Strongly oppose,Somewhat oppose,Somewhat oppose,Somewhat oppose,1,8,3,6,7,9,2,10,4,5,,,,,,,$100 billion,,,,,,,,,,,No,Scenario B,,,Somewhat oppose,A little,An acceptable way,An acceptable way,An acceptable way,An acceptable way,A wrong way,An acceptable way,An acceptable way,7,6,5,4,3,2,1,No,,I could sign a petition and spread ideas.,,,,My choice would not depend on which parties are part of that coalition.,1,2,3,,,Helping those in need is the right thing to do. This is also true at the international level.,,2,3,1,4,Somewhat oppose,3800,6.79,15.108,16.356,2,I am satisfied with my custom redistribution.,,,,,4,not be affected,1,2,3,Strongly disagree,Humans,,,,6.172,47.948,56.93,3,"No, I do not feel it was biased",wieder Atomenergie erzeugen,,401,101,7.1,141675_437f93c0,141675_cce9bb55,141675_1756c4fe,141675,447,,DE,1,2,0,1,2,1,1,2,1,high_color,1,0,1,1,1,Steuerpolitik,Außenpolitik,Gesellschaft,Wirtschaftspolitik,Klimaschutz,,Keine Steuern auf Überstunden und Arbeit im Rentenalter.,Internationale Millionärssteuer von 30 % zur Finanzierung von Gesundheitsversorgung und Bildung in einkommensschwachen Ländern.,20.000 € staatlicher Zuschuss bei Geburt eines Kindes.,"500 Milliarden Euro in strategische Sektoren wie Stahl, Automobilindustrie und Verteidigung investieren.",Einführung einer Mindestquote für grünen Stahl und Zement im öffentlichen Beschaffungswesen,,Abschaffung der Erbschaftssteuer,Internationale Millionärssteuer von 30 % zur Finanzierung von Gesundheitsversorgung und Bildung in einkommensschwachen Ländern.,Einsatz elektronischer Fußfesseln zur Verfolgung von Gewalttätern gegen Frauen,Mindestlohn bis 2026 auf 15 € erhöhen,Einführung einer Mindestquote für grünen Stahl und Zement im öffentlichen Beschaffungswesen,,DE,1744737584.008,2.82600021362305,1744737586.834,113.827999830246,1744737700.662,14.8780000209808,1744737715.54,16.1970000267029,1744737731.737,29.5309998989105,1744737761.268,7.53000020980835,1744737768.798,16.066999912262,1744737784.865,7.12100005149841,1744737791.986,37.7909998893738,1744737829.777,13.364000082016,1744737843.141,4.78099989891052,1744737847.922,13.8470001220703,1744737888.141,24.9210000038147,1744737913.062,34.7590000629425,1744737947.821,26.3719999790192,1744737874.294,25.5979998111725,1744737973.419,,,,,1,,,2,,1,,,1,,1,,
2025-04-15T17:19:44Z,2025-04-15T17:42:18Z,IP Address,100,1354,TRUE,2025-04-15T17:42:19Z,,,,,52.4985,8.9141,anonymous,DE,Chrome,135.0.0.0,Android 10,412x960,Woman,DE,80 to 84,"No, I was born in this country and my parents too",No,1,0,,,,,,,,,between $301 and $400,2 Medium school,Retired,31595,,Owner,,,Very unlikely,Yes,,,,,,,,,SPD,,,,,Steuerrecht,Candidate B,25,25,15,15,20,1,3,5,4,2,,,,,,,,,,,,,,,,,,,,,,,,,,,,No,,No,3,,Yes,Unlikely,Strongly support,Strongly support,Indifferent,Somewhat support,Somewhat support,Somewhat support,Somewhat support,Somewhat support,Somewhat oppose,Strongly oppose,3,6,2,5,4,1,9,10,7,8,,,,,,,,"Increase climate finance to match what NGOs are asking for (at least $1,000 billion per year in grants, that is 1.4% of GDP, is what Greenpeace, Oxfam, WWF, and the World Council of Churches ask for).",1,2,3,4,5,6,7,Yes,,,Scenario A,,,Somewhat support,A little,A wrong way,A wrong way,A wrong way,A wrong way,A wrong way,A right way,An acceptable way,7,6,5,4,3,2,1,Yes,I would not support such a movement.,,,,,My choice would not depend on which parties are part of that coalition.,3,2,1,,"In the long run, it is in the interest of high-income countries to help low-income countries.",,,3,2,1,4,Somewhat oppose,2500,7.47,100.673,101.434,19,,I want to skip this question.,8,,,,increase,3,2,1,Neither agree nor disagree,Humans,,,,7.301,12.769,17.632,3,"No, I do not feel it was biased",,,90,130,2,141675_437f93c0,141675_cce9bb55,141675_1756c4fe,141675,1354,,DE,3,3,0,1,1,1,0,1,1,low,0,1,0,1,1,Steuerpolitik,Gesellschaft,Außenpolitik,Wirtschaftspolitik,Klimaschutz,,-,-,Internationale Millionärssteuer von 30 % zur Finanzierung von Gesundheitsversorgung und Bildung in einkommensschwachen Ländern.,Strompreise durch Steuersenkungen um 12 % senken,Einführung einer Mindestquote für grünen Stahl und Zement im öffentlichen Beschaffungswesen,,-,-,Die Ukraine militärisch und finanziell unterstützen,-,-,,DE,1744737586.18,51.0529999732971,1744737637.233,74.8020000457764,1744737712.035,19.944000005722,1744737731.979,206.49599981308,1744737938.475,24.460000038147,1744737962.935,35.5510001182556,1744737998.486,101.244999885559,1744738099.731,21.7620000839233,1744738121.493,179.984999895096,1744738301.478,67.5199999809265,1744738368.998,20.5620000362396,1744738389.56,64.4270000457764,1744738611.168,111.135999917984,1744738722.304,119.028000116348,1744738841.332,157.180999994278,1744738546.741,79.8580000400543,1744738921.19,,,1,,,,,2,1,,,1,,,,,1
2025-04-15T17:24:40Z,2025-04-15T17:43:29Z,IP Address,100,1129,TRUE,2025-04-15T17:43:30Z,,,,,49.9706,7.8981,anonymous,DE,Firefox,115.0,Windows NT 6.1,1280x720,Man,DE,75 to 79,"No, I was born in this country and my parents too",Yes,2,0,,,,,,,,,less than $100,7-8 Master's or higher,Part-time employed,55411,Tenant,,,,Very unlikely,Yes,,,,,,,,,Grüne,,,,Altersarmut,,Neither of them,35,20,5,10,30,5,4,1,2,3,,,,,,,,,,,,,,,,,,,,,,,,,,,,,16,Yes,,20,Yes,Unlikely,Strongly support,Strongly support,Strongly support,Strongly support,Somewhat support,Somewhat support,Strongly support,Strongly support,Strongly support,Somewhat support,2,5,4,9,10,6,7,3,1,8,,,,,,,"$1,000 billion",,,,,,,,,,,Yes,,Scenario B,Strongly support,,A little,An acceptable way,An acceptable way,A wrong way,A wrong way,A right way,An acceptable way,A wrong way,7,6,5,4,3,2,1,Yes,,I could sign a petition and spread ideas.,I could attend a demonstration.,I could go on strike.,,"Yes, I would be more likely to vote for my party if it joined that coalition (or to vote for another party if only that other party joined the coalition).",3,2,1,High-income countries have a historical responsibility for the current situation in low-income countries.,"In the long run, it is in the interest of high-income countries to help low-income countries.",Helping those in need is the right thing to do. This is also true at the international level.,,1,3,2,4,Somewhat support,200,49.66,95.409,96.68,5,I am satisfied with my custom redistribution.,,,,,7,increase,3,2,1,Agree,Sentient beings (humans and animals),,,,7.667,44.46,52.963,3,"No, I do not feel it was biased","Mehr davon, stimmt mich optimistisch",,800,200,4,141675_437f93c0,141675_cce9bb55,141675_1756c4fe,141675,1129,,DE,3,2,0,1,1,2,0,2,0,mid,0,0,0,0,0,Außenpolitik,Klimaschutz,Steuerpolitik,Wirtschaftspolitik,Gesellschaft,,Die Ukraine militärisch und finanziell unterstützen,Neuwagen mit Verbrennungsmotor ab 2035 verbieten.,Abschaffung der Erbschaftssteuer,"500 Milliarden Euro in strategische Sektoren wie Stahl, Automobilindustrie und Verteidigung investieren.",-,,-,"Aufhebung des Heizungsgesetzes, das erneuerbare Energien vorschreibt",-,Strompreise durch Steuersenkungen um 12 % senken,20.000 € staatlicher Zuschuss bei Geburt eines Kindes.,,DE,1744737915.451,12.2179999351501,1744737927.669,96.819000005722,1744738024.488,24.5440001487732,1744738049.032,48.4210000038147,1744738097.452,125.516000032425,1744738222.968,31.1280000209808,1744738254.096,76.779000043869,1744738330.875,23.5829999446869,1744738354.458,109.960999965668,1744738464.419,77.3670001029968,1744738541.786,23.9530000686646,1744738565.739,71.9120001792908,1744738729.078,94.4279999732971,1744738823.506,116.878999948502,1744738940.385,91.4269998073578,1744738657.166,50.0230000019073,1744738990.408,,1,,,,1,,2,,,,,1,,1,,
