zipcode,urbanity,region
AB1,1,5
AB10,3,5
AB11,3,5
AB12,3,5
AB13,1,5
AB14,1,5
AB15,3,5
AB16,3,5
AB2,1,5
AB21,3,5
AB22,3,5
AB23,3,5
AB24,3,5
AB25,3,5
AB3,1,5
AB30,1,5
AB31,1,5
AB32,3,5
AB33,1,5
AB34,1,5
AB35,1,5
AB36,1,5
AB37,1,5
AB38,1,5
AB39,3,5
AB4,1,5
AB41,1,5
AB42,3,5
AB43,3,5
AB44,1,5
AB45,1,5
AB5,1,5
AB51,1,5
AB52,1,5
AB53,1,5
AB54,1,5
AB55,1,5
AB56,1,5
AB9,1,5
AB99,1,5
AL1,2,2
AL10,2,2
AL2,2,2
AL3,2,2
AL4,2,2
AL5,2,2
AL6,2,2
AL7,2,2
AL8,2,2
AL9,1,2
B1,3,3
B10,3,3
B11,3,3
B12,3,3
B13,3,3
B14,3,3
B15,3,3
B16,3,3
B17,3,3
B18,3,3
B19,3,3
B2,3,3
B20,3,3
B21,3,3
B22,3,3
B23,3,3
B24,3,3
B25,3,3
B26,3,3
B27,3,3
B28,3,3
B29,3,3
B3,3,3
B30,3,3
B31,3,3
B32,3,3
B33,3,3
B34,3,3
B35,3,3
B36,3,3
B37,3,3
B38,3,3
B4,3,3
B40,1,3
B42,3,3
B43,3,3
B44,3,3
B45,3,3
B46,1,3
B47,3,3
B48,1,3
B49,1,3
B5,3,3
B50,1,3
B6,3,3
B60,2,3
B61,2,3
B62,3,3
B63,3,3
B64,3,3
B65,3,3
B66,3,3
B67,3,3
B68,3,3
B69,3,3
B7,3,3
B70,3,3
B71,3,3
B72,3,3
B73,3,3
B74,3,3
B75,3,3
B76,3,3
B77,2,3
B78,1,3
B79,2,3
B8,3,3
B80,1,3
B9,3,3
B90,3,3
B91,3,3
B92,3,3
B93,3,3
B94,1,3
B95,1,3
B96,2,3
B97,2,3
B98,2,3
B99,3,3
BA1,2,2
BA10,1,2
BA11,2,2
BA12,2,2
BA13,2,2
BA14,2,2
BA15,1,2
BA16,2,2
BA2,2,2
BA20,2,2
BA21,2,2
BA22,1,2
BA3,2,2
BA4,2,2
BA5,2,2
BA6,1,2
BA7,1,2
BA8,1,2
BA9,1,2
BB0,2,4
BB1,2,4
BB10,2,4
BB11,2,4
BB12,2,4
BB18,2,4
BB2,2,4
BB3,2,4
BB4,2,4
BB5,2,4
BB6,2,4
BB7,1,4
BB8,2,4
BB9,2,4
BB94,1,4
BD1,3,4
BD10,3,4
BD11,3,4
BD12,3,4
BD13,3,4
BD14,3,4
BD15,3,4
BD16,3,4
BD17,3,4
BD18,3,4
BD19,3,4
BD2,3,4
BD20,2,4
BD21,2,4
BD22,2,4
BD23,1,4
BD24,1,4
BD3,3,4
BD4,3,4
BD5,3,4
BD6,3,4
BD7,3,4
BD8,3,4
BD9,3,4
BD97,3,4
BD98,3,4
BD99,3,4
BH1,2,2
BH10,2,2
BH11,2,2
BH12,2,2
BH13,2,2
BH14,2,2
BH15,2,2
BH16,2,2
BH17,2,2
BH18,2,2
BH19,2,2
BH2,2,2
BH20,1,2
BH21,2,2
BH22,2,2
BH23,2,2
BH24,2,2
BH25,2,2
BH3,2,2
BH31,2,2
BH4,2,2
BH5,2,2
BH6,2,2
BH7,2,2
BH8,2,2
BH9,2,2
BL0,3,4
BL1,3,4
BL11,3,4
BL2,3,4
BL3,3,4
BL4,3,4
BL5,3,4
BL6,2,4
BL7,3,4
BL78,3,4
BL8,3,4
BL9,3,4
BN1,2,2
BN10,2,2
BN11,2,2
BN12,2,2
BN13,2,2
BN14,2,2
BN15,2,2
BN16,2,2
BN17,2,2
BN18,1,2
BN2,2,2
BN20,2,2
BN21,2,2
BN22,2,2
BN23,2,2
BN24,1,2
BN25,2,2
BN26,2,2
BN27,2,2
BN3,2,2
BN4,1,2
BN41,2,2
BN42,2,2
BN43,2,2
BN44,1,2
BN45,1,2
BN5,1,2
BN50,2,2
BN51,2,2
BN52,2,2
BN6,2,2
BN7,2,2
BN8,1,2
BN88,2,2
BN9,2,2
BN95,2,2
BN99,2,2
BR1,3,1
BR2,3,1
BR3,3,1
BR4,3,1
BR5,3,1
BR6,3,1
BR7,3,1
BR8,3,2
BS0,2,2
BS1,2,2
BS10,2,2
BS11,2,2
BS12,1,2
BS13,2,2
BS14,2,2
BS15,2,2
BS16,2,2
BS17,1,2
BS18,1,2
BS19,1,2
BS2,2,2
BS20,2,2
BS21,2,2
BS22,2,2
BS23,2,2
BS24,2,2
BS25,1,2
BS26,1,2
BS27,1,2
BS28,1,2
BS29,1,2
BS3,2,2
BS30,2,2
BS31,2,2
BS32,2,2
BS34,2,2
BS35,2,2
BS36,2,2
BS37,2,2
BS39,1,2
BS4,2,2
BS40,1,2
BS41,1,2
BS48,2,2
BS49,2,2
BS5,2,2
BS6,2,2
BS7,2,2
BS77,2,2
BS8,2,2
BS80,2,2
BS9,2,2
BS98,2,2
BS99,2,2
BT1,1,5
BT10,1,5
BT11,1,5
BT12,1,5
BT13,1,5
BT14,1,5
BT15,1,5
BT16,1,5
BT17,1,5
BT18,1,5
BT19,1,5
BT2,1,5
BT20,1,5
BT21,1,5
BT22,1,5
BT23,1,5
BT24,1,5
BT25,1,5
BT26,1,5
BT27,1,5
BT28,1,5
BT29,1,5
BT3,1,5
BT30,1,5
BT31,1,5
BT32,1,5
BT33,1,5
BT34,1,5
BT35,1,5
BT36,1,5
BT37,1,5
BT38,1,5
BT39,1,5
BT4,1,5
BT40,1,5
BT41,1,5
BT42,1,5
BT43,1,5
BT44,1,5
BT45,1,5
BT46,1,5
BT47,1,5
BT48,1,5
BT49,1,5
BT5,1,5
BT51,1,5
BT52,1,5
BT53,1,5
BT54,1,5
BT55,1,5
BT56,1,5
BT57,1,5
BT58,1,5
BT6,1,5
BT60,1,5
BT61,1,5
BT62,1,5
BT63,1,5
BT64,1,5
BT65,1,5
BT66,1,5
BT67,1,5
BT68,1,5
BT69,1,5
BT7,1,5
BT70,1,5
BT71,1,5
BT74,1,5
BT75,1,5
BT76,1,5
BT77,1,5
BT78,1,5
BT79,1,5
BT8,1,5
BT80,1,5
BT81,1,5
BT82,1,5
BT9,1,5
BT92,1,5
BT93,1,5
BT94,1,5
BT99,1,5
CA1,2,4
CA10,1,4
CA11,2,4
CA12,1,4
CA13,1,4
CA14,2,4
CA15,1,4
CA16,1,4
CA17,1,4
CA18,1,4
CA19,1,4
CA2,2,4
CA20,1,4
CA21,1,4
CA22,1,4
CA23,1,4
CA24,1,4
CA25,1,4
CA26,1,4
CA27,1,4
CA28,2,4
CA3,2,4
CA4,1,4
CA5,1,4
CA6,1,4
CA7,1,4
CA8,1,4
CA9,1,4
CA95,1,4
CA99,2,4
CB1,2,2
CB10,1,2
CB11,2,2
CB2,2,2
CB21,1,2
CB22,1,2
CB23,1,2
CB24,1,2
CB25,1,2
CB3,2,2
CB4,2,2
CB5,2,2
CB6,1,2
CB7,1,2
CB8,2,2
CB9,2,2
CF1,1,3
CF10,2,3
CF11,2,3
CF14,2,3
CF15,2,3
CF2,2,3
CF21,1,3
CF23,2,3
CF24,2,3
CF3,2,3
CF30,1,3
CF31,2,3
CF32,1,3
CF33,2,3
CF34,2,3
CF35,1,3
CF36,2,3
CF37,2,3
CF38,2,3
CF39,1,3
CF4,1,3
CF40,2,3
CF41,2,3
CF42,2,3
CF43,1,3
CF44,2,3
CF45,2,3
CF46,2,3
CF47,2,3
CF48,2,3
CF5,2,3
CF6,1,3
CF61,2,3
CF62,2,3
CF63,2,3
CF64,2,3
CF7,1,3
CF71,1,3
CF72,2,3
CF8,1,3
CF81,2,3
CF82,2,3
CF83,2,3
CF91,2,3
CF95,2,3
CF99,2,3
CH1,2,4
CH2,2,4
CH25,3,4
CH26,3,4
CH27,3,4
CH28,1,3
CH29,1,3
CH3,2,4
CH30,3,4
CH31,3,4
CH32,3,4
CH33,2,4
CH34,1,3
CH4,2,4
CH41,3,4
CH42,3,4
CH43,3,4
CH44,3,4
CH45,3,4
CH46,3,4
CH47,3,4
CH48,3,4
CH49,3,4
CH5,2,3
CH6,2,3
CH60,3,4
CH61,3,4
CH62,3,4
CH63,3,4
CH64,2,4
CH65,2,4
CH66,2,4
CH7,2,3
CH70,1,3
CH8,2,3
CH88,1,4
CH99,1,4
CM0,1,2
CM1,2,2
CM11,2,2
CM12,2,2
CM13,2,2
CM14,2,2
CM15,2,2
CM16,1,2
CM17,2,2
CM18,2,2
CM19,2,2
CM2,2,2
CM20,2,2
CM21,2,2
CM22,1,2
CM23,2,2
CM24,1,2
CM3,1,2
CM4,1,2
CM5,1,2
CM6,1,2
CM7,2,2
CM77,2,2
CM8,2,2
CM9,2,2
CM92,2,2
CM98,2,2
CM99,2,2
CO1,2,2
CO10,1,2
CO11,1,2
CO12,2,2
CO13,2,2
CO14,2,2
CO15,2,2
CO16,1,2
CO2,2,2
CO3,2,2
CO4,2,2
CO5,1,2
CO6,1,2
CO7,1,2
CO8,1,2
CO9,1,2
CR0,3,1
CR2,3,1
CR3,3,2
CR4,3,1
CR44,3,1
CR5,3,1
CR6,3,2
CR7,3,1
CR8,3,1
CR9,3,1
CR90,3,1
CT1,2,2
CT10,2,2
CT11,2,2
CT12,2,2
CT13,1,2
CT14,2,2
CT15,1,2
CT16,2,2
CT17,2,2
CT18,1,2
CT19,2,2
CT2,2,2
CT20,2,2
CT21,2,2
CT3,1,2
CT4,1,2
CT5,2,2
CT50,2,2
CT6,2,2
CT7,2,2
CT8,2,2
CT9,2,2
CV1,2,3
CV10,2,3
CV11,2,3
CV12,2,3
CV13,1,3
CV2,2,3
CV21,2,3
CV22,2,3
CV23,1,3
CV3,2,3
CV31,2,3
CV32,2,3
CV33,1,3
CV34,2,3
CV35,1,3
CV36,1,3
CV37,2,3
CV4,2,3
CV47,1,3
CV5,2,3
CV6,2,3
CV7,1,3
CV8,2,3
CV9,2,3
CW1,2,4
CW10,2,4
CW11,2,4
CW12,2,4
CW2,2,4
CW3,1,3
CW4,1,4
CW5,2,4
CW6,1,4
CW7,2,4
CW8,2,4
CW9,2,4
CW98,2,4
DA1,3,2
DA10,3,2
DA11,3,2
DA12,3,2
DA13,1,2
DA14,3,1
DA15,3,1
DA16,3,1
DA17,3,1
DA18,3,1
DA2,3,2
DA3,2,2
DA4,1,2
DA5,3,1
DA6,3,1
DA7,3,1
DA8,3,1
DA9,3,2
DD1,3,5
DD10,3,5
DD11,3,5
DD2,3,5
DD3,3,5
DD4,3,5
DD5,3,5
DD6,1,5
DD7,3,5
DD8,1,5
DD9,1,5
DE1,2,3
DE11,2,3
DE12,1,3
DE13,2,3
DE14,2,3
DE15,2,3
DE2,1,3
DE21,2,3
DE22,2,3
DE23,2,3
DE24,2,3
DE3,2,3
DE4,1,3
DE45,1,3
DE5,3,3
DE55,3,3
DE56,2,3
DE6,1,3
DE65,1,3
DE7,3,3
DE72,2,3
DE73,2,3
DE74,1,3
DE75,3,3
DE99,2,3
DG1,3,5
DG10,1,5
DG11,1,5
DG12,1,5
DG13,1,5
DG14,1,5
DG16,1,5
DG2,3,5
DG3,1,5
DG4,1,5
DG5,1,5
DG6,1,5
DG7,1,5
DG8,1,5
DG9,3,5
DH1,2,4
DH2,3,4
DH3,3,4
DH4,3,4
DH5,3,4
DH6,1,4
DH7,1,4
DH8,2,4
DH9,2,4
DH97,2,4
DH98,2,4
DH99,2,4
DL1,2,4
DL10,1,4
DL11,1,4
DL12,1,4
DL13,1,4
DL14,2,4
DL15,1,4
DL16,2,4
DL17,1,4
DL2,1,4
DL3,2,4
DL4,1,4
DL5,2,4
DL6,2,4
DL7,1,4
DL8,1,4
DL9,2,4
DL98,2,4
DN1,3,4
DN10,1,3
DN11,1,4
DN12,3,4
DN14,1,4
DN15,2,4
DN16,2,4
DN17,2,4
DN18,2,4
DN19,1,4
DN2,3,4
DN20,1,4
DN21,2,3
DN22,2,3
DN3,3,4
DN31,2,4
DN32,2,4
DN33,2,4
DN34,2,4
DN35,2,4
DN36,1,4
DN37,2,4
DN38,1,4
DN39,1,4
DN4,3,4
DN40,2,4
DN41,1,4
DN5,3,4
DN55,3,4
DN6,3,4
DN7,2,4
DN8,2,4
DN9,1,4
DT1,2,2
DT10,1,2
DT11,1,2
DT2,1,2
DT3,2,2
DT4,2,2
DT5,1,2
DT6,2,2
DT7,1,2
DT8,1,2
DT9,1,2
DY1,3,3
DY10,2,3
DY11,2,3
DY12,1,3
DY13,2,3
DY14,1,3
DY2,3,3
DY3,3,3
DY4,3,3
DY5,3,3
DY6,3,3
DY7,1,3
DY8,3,3
DY9,3,3
E1,3,1
E10,3,1
E11,3,1
E12,3,1
E13,3,1
E14,3,1
E15,3,1
E16,3,1
E17,3,1
E18,3,1
E1W,3,1
E2,3,1
E20,3,1
E22,3,1
E3,3,1
E4,3,1
E5,3,1
E6,3,1
E7,3,1
E77,3,1
E8,3,1
E9,3,1
E98,3,1
EC1A,3,1
EC1M,3,1
EC1N,3,1
EC1P,3,1
EC1R,3,1
EC1V,3,1
EC1Y,3,1
EC2A,3,1
EC2M,3,1
EC2N,3,1
EC2P,3,1
EC2R,3,1
EC2V,3,1
EC2Y,3,1
EC3A,3,1
EC3B,3,1
EC3M,3,1
EC3N,3,1
EC3P,3,1
EC3R,3,1
EC3V,3,1
EC4A,3,1
EC4M,3,1
EC4N,3,1
EC4P,3,1
EC4R,3,1
EC4V,3,1
EC4Y,3,1
EC50,3,1
EC88,3,1
EH1,3,5
EH10,3,5
EH11,3,5
EH12,3,5
EH13,3,5
EH14,3,5
EH15,3,5
EH16,3,5
EH17,3,5
EH18,3,5
EH19,3,5
EH2,3,5
EH20,1,5
EH21,3,5
EH22,3,5
EH23,1,5
EH24,1,5
EH25,1,5
EH26,3,5
EH27,1,5
EH28,1,5
EH29,1,5
EH3,3,5
EH30,1,5
EH31,1,5
EH32,1,5
EH33,3,5
EH34,1,5
EH35,1,5
EH36,1,5
EH37,1,5
EH38,1,5
EH39,1,5
EH4,3,5
EH40,1,5
EH41,1,5
EH42,1,5
EH43,1,5
EH44,1,5
EH45,1,5
EH46,1,5
EH47,3,5
EH48,3,5
EH49,3,5
EH5,3,5
EH51,3,5
EH52,3,5
EH53,3,5
EH54,3,5
EH55,1,5
EH6,3,5
EH7,3,5
EH77,1,5
EH8,3,5
EH9,3,5
EH91,3,5
EH95,3,5
EH99,3,5
EN1,3,1
EN10,3,2
EN11,3,2
EN2,3,1
EN3,3,1
EN4,3,1
EN5,3,1
EN6,2,2
EN7,3,2
EN8,3,2
EN9,3,2
EX1,2,2
EX10,2,2
EX11,1,2
EX12,1,2
EX13,1,2
EX14,2,2
EX15,1,2
EX16,2,2
EX17,1,2
EX18,1,2
EX19,1,2
EX2,2,2
EX20,1,2
EX21,1,2
EX22,1,2
EX23,1,2
EX24,1,2
EX3,2,2
EX31,2,2
EX32,2,2
EX33,1,2
EX34,2,2
EX35,1,2
EX36,1,2
EX37,1,2
EX38,1,2
EX39,2,2
EX4,2,2
EX5,1,2
EX6,1,2
EX7,2,2
EX8,2,2
EX9,1,2
FK1,3,5
FK10,3,5
FK11,1,5
FK12,1,5
FK13,1,5
FK14,1,5
FK15,1,5
FK16,1,5
FK17,1,5
FK18,1,5
FK19,1,5
FK2,3,5
FK20,1,5
FK21,1,5
FK3,3,5
FK4,3,5
FK5,3,5
FK6,3,5
FK7,3,5
FK8,3,5
FK9,3,5
FY0,2,4
FY1,2,4
FY2,2,4
FY3,2,4
FY4,2,4
FY5,2,4
FY6,2,4
FY7,2,4
FY8,2,4
G1,3,5
G11,3,5
G12,3,5
G13,3,5
G14,3,5
G15,3,5
G2,3,5
G20,3,5
G21,3,5
G22,3,5
G23,3,5
G3,3,5
G31,3,5
G32,3,5
G33,3,5
G34,3,5
G4,3,5
G40,3,5
G41,3,5
G42,3,5
G43,3,5
G44,3,5
G45,3,5
G46,3,5
G5,3,5
G51,3,5
G52,3,5
G53,3,5
G58,3,5
G59,1,5
G60,3,5
G61,3,5
G62,3,5
G63,1,5
G64,3,5
G65,1,5
G66,3,5
G67,3,5
G68,3,5
G69,3,5
G70,3,5
G71,3,5
G72,3,5
G73,3,5
G74,3,5
G75,3,5
G76,3,5
G77,3,5
G78,3,5
G79,3,5
G80,3,5
G81,3,5
G82,3,5
G83,3,5
G84,3,5
G9,1,5
G90,3,5
GL1,2,2
GL10,2,2
GL11,2,2
GL12,1,2
GL13,1,2
GL14,2,2
GL15,1,2
GL16,2,2
GL17,1,2
GL18,1,2
GL19,1,2
GL2,2,2
GL20,2,2
GL3,2,2
GL4,2,2
GL5,2,2
GL50,2,2
GL51,2,2
GL52,2,2
GL53,2,2
GL54,1,2
GL55,1,2
GL56,1,2
GL6,2,2
GL7,1,2
GL8,1,2
GL9,1,2
GU1,2,2
GU10,2,2
GU11,2,2
GU12,2,2
GU13,1,2
GU14,2,2
GU15,2,2
GU16,2,2
GU17,2,2
GU18,1,2
GU19,1,2
GU2,2,2
GU20,2,2
GU21,3,2
GU22,3,2
GU23,1,2
GU24,2,2
GU25,2,2
GU26,1,2
GU27,2,2
GU28,1,2
GU29,1,2
GU3,1,2
GU30,1,2
GU31,2,2
GU32,2,2
GU33,1,2
GU34,2,2
GU35,2,2
GU4,2,2
GU46,2,2
GU47,2,2
GU5,1,2
GU51,2,2
GU52,2,2
GU6,2,2
GU7,2,2
GU8,1,2
GU9,2,2
GU95,2,2
HA0,3,1
HA1,3,1
HA2,3,1
HA3,3,1
HA4,3,1
HA5,3,1
HA6,3,1
HA7,3,1
HA8,3,1
HA9,3,1
HD1,3,4
HD2,3,4
HD3,3,4
HD4,3,4
HD5,3,4
HD6,3,4
HD7,3,4
HD8,1,4
HD9,3,4
HG1,2,4
HG2,2,4
HG3,1,4
HG4,2,4
HG5,2,4
HP1,3,2
HP10,2,2
HP11,2,2
HP12,2,2
HP13,2,2
HP14,1,2
HP15,2,2
HP16,1,2
HP17,1,2
HP18,1,2
HP19,2,2
HP2,3,2
HP20,2,2
HP21,2,2
HP22,1,2
HP23,2,2
HP27,1,2
HP3,3,2
HP4,2,2
HP5,2,2
HP6,2,2
HP7,2,2
HP8,1,2
HP9,2,2
HR1,2,3
HR2,2,3
HR3,1,3
HR4,2,3
HR5,1,3
HR6,2,3
HR7,1,3
HR8,1,3
HR9,2,3
HS1,1,5
HS2,1,5
HS3,1,5
HS4,1,5
HS5,1,5
HS6,1,5
HS7,1,5
HS8,1,5
HS9,1,5
HU1,2,4
HU10,2,4
HU11,1,4
HU12,1,4
HU13,2,4
HU14,2,4
HU15,1,4
HU16,2,4
HU17,2,4
HU18,1,4
HU19,1,4
HU2,2,4
HU20,1,4
HU3,2,4
HU4,2,4
HU5,2,4
HU6,2,4
HU7,2,4
HU8,2,4
HU9,2,4
HX1,3,4
HX2,3,4
HX3,3,4
HX4,1,4
HX5,3,4
HX6,3,4
HX7,1,4
IG1,3,1
IG10,3,2
IG11,3,1
IG2,3,1
IG3,3,1
IG4,3,1
IG5,3,1
IG6,3,1
IG7,3,2
IG8,3,1
IG9,3,2
IP1,2,2
IP10,1,2
IP11,2,2
IP12,2,2
IP13,1,2
IP14,2,2
IP15,1,2
IP16,1,2
IP17,1,2
IP18,1,2
IP19,1,2
IP2,2,2
IP20,1,2
IP21,1,2
IP22,1,2
IP23,1,2
IP24,2,2
IP25,1,2
IP26,1,2
IP27,1,2
IP28,2,2
IP29,1,2
IP3,2,2
IP30,1,2
IP31,1,2
IP32,2,2
IP33,2,2
IP4,2,2
IP5,2,2
IP6,1,2
IP7,1,2
IP8,2,2
IP9,1,2
IP98,2,2
IV1,1,5
IV10,1,5
IV11,1,5
IV12,1,5
IV13,1,5
IV14,1,5
IV15,1,5
IV16,1,5
IV17,1,5
IV18,1,5
IV19,1,5
IV2,3,5
IV20,1,5
IV21,1,5
IV22,1,5
IV23,1,5
IV24,1,5
IV25,1,5
IV26,1,5
IV27,1,5
IV28,1,5
IV3,3,5
IV30,3,5
IV31,1,5
IV32,1,5
IV33,1,5
IV34,1,5
IV35,1,5
IV36,1,5
IV4,1,5
IV40,1,5
IV41,1,5
IV42,1,5
IV43,1,5
IV44,1,5
IV45,1,5
IV46,1,5
IV47,1,5
IV48,1,5
IV49,1,5
IV5,1,5
IV51,1,5
IV52,1,5
IV53,1,5
IV54,1,5
IV55,1,5
IV56,1,5
IV6,1,5
IV63,1,5
IV7,1,5
IV8,1,5
IV9,1,5
IV99,3,5
KA1,3,5
KA10,3,5
KA11,3,5
KA12,3,5
KA13,3,5
KA14,1,5
KA15,1,5
KA16,1,5
KA17,1,5
KA18,1,5
KA19,1,5
KA2,1,5
KA20,3,5
KA21,3,5
KA22,3,5
KA23,1,5
KA24,1,5
KA25,1,5
KA26,1,5
KA27,1,5
KA28,1,5
KA29,1,5
KA3,3,5
KA30,3,5
KA4,1,5
KA5,1,5
KA6,1,5
KA7,3,5
KA8,3,5
KA9,3,5
KT1,3,1
KT10,3,2
KT11,2,2
KT12,3,2
KT13,3,2
KT14,3,2
KT15,3,2
KT16,3,2
KT17,3,2
KT18,3,2
KT19,3,2
KT2,3,1
KT20,3,2
KT21,3,2
KT22,3,2
KT23,3,2
KT24,1,2
KT3,3,1
KT4,3,1
KT5,3,1
KT6,3,1
KT7,3,2
KT8,3,2
KT9,3,1
KW1,1,5
KW10,1,5
KW11,1,5
KW12,1,5
KW13,1,5
KW14,1,5
KW15,1,5
KW16,1,5
KW17,1,5
KW2,1,5
KW3,1,5
KW5,1,5
KW6,1,5
KW7,1,5
KW8,1,5
KW9,1,5
KY1,3,5
KY10,1,5
KY11,3,5
KY12,3,5
KY13,1,5
KY14,1,5
KY15,1,5
KY16,3,5
KY2,3,5
KY3,1,5
KY4,3,5
KY5,1,5
KY6,3,5
KY7,3,5
KY8,3,5
KY9,1,5
KY99,3,5
L1,3,4
L10,3,4
L11,3,4
L12,3,4
L13,3,4
L14,3,4
L15,3,4
L16,3,4
L17,3,4
L18,3,4
L19,3,4
L2,3,4
L20,3,4
L21,3,4
L22,3,4
L23,3,4
L24,3,4
L25,3,4
L26,3,4
L27,3,4
L28,3,4
L29,1,4
L3,3,4
L30,3,4
L31,3,4
L32,3,4
L33,3,4
L34,3,4
L35,3,4
L36,3,4
L37,2,4
L38,1,4
L39,2,4
L4,3,4
L40,1,4
L41,3,4
L42,3,4
L43,3,4
L44,3,4
L45,1,4
L46,3,4
L47,3,4
L48,1,4
L49,1,4
L5,3,4
L6,3,4
L60,1,4
L61,1,4
L62,1,4
L63,1,4
L64,1,4
L65,1,4
L66,1,4
L67,3,4
L68,3,4
L69,3,4
L7,3,4
L70,3,4
L71,3,4
L72,3,4
L73,3,4
L74,3,4
L75,3,4
L8,3,4
L80,3,4
L9,3,4
LA1,2,4
LA10,1,4
LA11,1,4
LA12,2,4
LA13,2,4
LA14,2,4
LA15,1,4
LA16,1,4
LA17,1,4
LA18,1,4
LA19,1,4
LA2,1,4
LA20,1,4
LA21,1,4
LA22,1,4
LA23,1,4
LA3,2,4
LA4,2,4
LA5,1,4
LA6,1,4
LA7,1,4
LA8,1,4
LA9,2,4
LD1,1,3
LD2,1,3
LD3,1,3
LD4,1,3
LD5,1,3
LD6,1,3
LD7,1,3
LD8,1,3
LE1,2,3
LE10,2,3
LE11,2,3
LE12,2,3
LE13,2,3
LE14,1,3
LE15,1,3
LE16,2,3
LE17,1,3
LE18,2,3
LE19,2,3
LE2,2,3
LE21,2,3
LE3,2,3
LE4,2,3
LE41,2,3
LE5,2,3
LE55,2,3
LE6,2,3
LE65,2,3
LE67,2,3
LE7,2,3
LE8,1,3
LE87,2,3
LE9,1,3
LE94,2,3
LE95,2,3
LL11,2,3
LL12,1,3
LL13,2,3
LL14,2,3
LL15,1,3
LL16,1,3
LL17,1,3
LL18,2,3
LL19,2,3
LL20,1,3
LL21,1,3
LL22,2,3
LL23,1,3
LL24,1,3
LL25,1,3
LL26,1,3
LL27,1,3
LL28,2,3
LL29,2,3
LL30,2,3
LL31,2,3
LL32,1,3
LL33,1,3
LL34,1,3
LL35,1,3
LL36,1,3
LL37,1,3
LL38,1,3
LL39,1,3
LL40,1,3
LL41,1,3
LL42,1,3
LL43,1,3
LL44,1,3
LL45,1,3
LL46,1,3
LL47,1,3
LL48,1,3
LL49,1,3
LL51,1,3
LL52,1,3
LL53,1,3
LL54,1,3
LL55,1,3
LL56,1,3
LL57,2,3
LL58,1,3
LL59,1,3
LL60,1,3
LL61,1,3
LL62,1,3
LL63,1,3
LL64,1,3
LL65,1,3
LL66,1,3
LL67,1,3
LL68,1,3
LL69,1,3
LL70,1,3
LL71,1,3
LL72,1,3
LL73,1,3
LL74,1,3
LL75,1,3
LL76,1,3
LL77,1,3
LL78,1,3
LN1,2,3
LN10,1,3
LN11,2,3
LN12,2,3
LN13,1,3
LN2,2,3
LN3,1,3
LN4,1,3
LN5,2,3
LN6,2,3
LN7,1,3
LN8,1,3
LN9,1,3
LS1,3,4
LS10,3,4
LS11,3,4
LS12,3,4
LS13,3,4
LS14,3,4
LS15,3,4
LS16,3,4
LS17,3,4
LS18,3,4
LS19,3,4
LS2,3,4
LS20,3,4
LS21,3,4
LS22,2,4
LS23,1,4
LS24,1,4
LS25,2,4
LS26,3,4
LS27,3,4
LS28,3,4
LS29,2,4
LS3,3,4
LS4,3,4
LS5,3,4
LS6,3,4
LS7,3,4
LS8,3,4
LS88,3,4
LS9,3,4
LS98,3,4
LS99,3,4
LU1,2,2
LU2,2,2
LU3,2,2
LU4,2,2
LU5,2,2
LU6,2,2
LU7,2,2
LU95,2,2
M1,3,4
M10,3,4
M11,3,4
M12,3,4
M13,3,4
M14,3,4
M15,3,4
M16,3,4
M17,3,4
M18,3,4
M19,3,4
M2,3,4
M20,3,4
M21,3,4
M22,3,4
M23,3,4
M24,3,4
M25,3,4
M26,3,4
M27,3,4
M28,3,4
M29,3,4
M3,3,4
M30,3,4
M31,3,4
M32,3,4
M33,3,4
M34,3,4
M35,3,4
M38,3,4
M4,3,4
M40,3,4
M41,3,4
M43,3,4
M44,3,4
M45,3,4
M46,3,4
M5,3,4
M50,3,4
M52,3,4
M6,3,4
M60,3,4
M61,3,4
M7,3,4
M8,3,4
M9,3,4
M90,1,4
M99,3,4
ME1,2,2
ME10,2,2
ME11,2,2
ME12,2,2
ME13,2,2
ME14,2,2
ME15,2,2
ME16,2,2
ME17,1,2
ME18,1,2
ME19,1,2
ME2,2,2
ME20,2,2
ME3,1,2
ME4,2,2
ME5,2,2
ME6,2,2
ME7,2,2
ME8,2,2
ME9,1,2
ME99,2,2
MK1,2,2
MK10,2,2
MK11,2,2
MK12,2,2
MK13,2,2
MK14,2,2
MK15,2,2
MK16,2,2
MK17,1,2
MK18,1,2
MK19,1,3
MK2,2,2
MK3,2,2
MK4,2,2
MK40,2,2
MK41,2,2
MK42,2,2
MK43,1,2
MK44,1,2
MK45,1,2
MK46,1,2
MK5,2,2
MK6,2,2
MK7,2,2
MK77,2,2
MK8,2,2
MK9,2,2
MK98,2,2
ML1,3,5
ML10,1,5
ML11,1,5
ML12,1,5
ML2,3,5
ML3,3,5
ML4,3,5
ML5,3,5
ML6,3,5
ML7,1,5
ML8,3,5
ML9,3,5
N1,3,1
N10,3,1
N11,3,1
N12,3,1
N13,3,1
N14,3,1
N15,3,1
N16,3,1
N17,3,1
N18,3,1
N19,3,1
N1C,3,1
N1P,3,1
N2,3,1
N20,3,1
N21,3,1
N22,3,1
N3,3,1
N4,3,1
N5,3,1
N6,3,1
N7,3,1
N8,3,1
N81,3,1
N9,3,1
NE1,3,4
NE10,3,4
NE11,3,4
NE12,3,4
NE13,1,4
NE15,3,4
NE16,3,4
NE17,1,4
NE18,1,4
NE19,1,4
NE2,3,4
NE20,2,4
NE21,3,4
NE22,2,4
NE23,3,4
NE24,2,4
NE25,3,4
NE26,3,4
NE27,3,4
NE28,3,4
NE29,3,4
NE3,3,4
NE30,3,4
NE31,3,4
NE32,3,4
NE33,3,4
NE34,3,4
NE35,3,4
NE36,3,4
NE37,3,4
NE38,3,4
NE39,1,4
NE4,3,4
NE40,3,4
NE41,1,4
NE42,2,4
NE43,1,4
NE44,1,4
NE45,1,4
NE46,2,4
NE47,1,4
NE48,1,4
NE49,1,4
NE5,3,4
NE6,3,4
NE61,1,4
NE62,1,4
NE63,2,4
NE64,1,4
NE65,1,4
NE66,1,4
NE67,1,4
NE68,1,4
NE69,1,4
NE7,3,4
NE70,1,4
NE71,1,4
NE8,3,4
NE82,3,4
NE83,3,4
NE85,3,4
NE88,3,4
NE89,3,4
NE9,3,4
NE92,3,4
NE98,3,4
NE99,3,4
NG1,3,3
NG10,3,3
NG11,3,3
NG12,1,3
NG13,1,3
NG14,1,3
NG15,3,3
NG16,3,3
NG17,2,3
NG18,2,3
NG19,2,3
NG2,3,3
NG20,1,3
NG21,1,3
NG22,1,3
NG23,1,3
NG24,2,3
NG25,1,3
NG3,3,3
NG31,2,3
NG32,1,3
NG33,1,3
NG34,1,3
NG4,3,3
NG5,3,3
NG6,3,3
NG7,3,3
NG70,2,3
NG8,3,3
NG80,2,3
NG9,3,3
NG90,3,3
NN1,2,3
NN10,2,3
NN11,2,3
NN12,1,3
NN13,2,3
NN14,1,3
NN15,2,3
NN16,2,3
NN17,2,3
NN18,2,3
NN2,2,3
NN29,1,3
NN3,2,3
NN4,2,3
NN5,2,3
NN6,1,3
NN7,1,3
NN8,2,3
NN9,1,3
NN99,2,3
NP1,1,3
NP10,2,3
NP11,2,3
NP12,2,3
NP13,2,3
NP15,1,3
NP16,2,3
NP18,1,3
NP19,2,3
NP2,1,3
NP20,2,3
NP22,2,3
NP23,2,3
NP24,1,3
NP25,2,3
NP26,1,3
NP3,1,3
NP4,2,3
NP44,2,3
NP5,1,3
NP6,1,3
NP7,2,3
NP8,1,3
NP9,1,3
NPT,1,3
NR1,2,2
NR10,1,2
NR11,1,2
NR12,1,2
NR13,1,2
NR14,1,2
NR15,1,2
NR16,1,2
NR17,2,2
NR18,2,2
NR19,2,2
NR2,2,2
NR20,1,2
NR21,1,2
NR22,1,2
NR23,1,2
NR24,1,2
NR25,1,2
NR26,1,2
NR27,1,2
NR28,2,2
NR29,1,2
NR3,2,2
NR30,2,2
NR31,2,2
NR32,2,2
NR33,2,2
NR34,2,2
NR35,1,2
NR4,2,2
NR5,2,2
NR6,2,2
NR7,2,2
NR8,2,2
NR9,1,2
NR99,2,2
NW1,3,1
NW10,3,1
NW11,3,1
NW1W,3,1
NW2,3,1
NW26,3,1
NW3,3,1
NW4,3,1
NW5,3,1
NW6,3,1
NW7,3,1
NW8,3,1
NW9,3,1
OL1,3,4
OL10,3,4
OL11,3,4
OL12,3,4
OL13,2,4
OL14,2,4
OL15,3,4
OL16,3,4
OL2,3,4
OL3,2,4
OL4,3,4
OL5,3,4
OL6,3,4
OL7,3,4
OL8,3,4
OL9,3,4
OL95,3,4
OX1,2,2
OX10,1,2
OX11,2,2
OX12,2,2
OX13,1,2
OX14,2,2
OX15,1,2
OX16,2,2
OX17,1,3
OX18,2,2
OX2,2,2
OX20,1,2
OX25,1,2
OX26,2,2
OX27,1,2
OX28,2,2
OX29,1,2
OX3,2,2
OX33,2,2
OX39,1,2
OX4,2,2
OX44,1,2
OX49,1,2
OX5,2,2
OX6,1,2
OX7,1,2
OX8,1,2
OX9,2,2
PA1,3,5
PA10,3,5
PA11,1,5
PA12,1,5
PA13,1,5
PA14,3,5
PA15,3,5
PA16,3,5
PA17,1,5
PA18,1,5
PA19,3,5
PA2,3,5
PA20,1,5
PA21,1,5
PA22,1,5
PA23,1,5
PA24,1,5
PA25,1,5
PA26,1,5
PA27,1,5
PA28,1,5
PA29,1,5
PA3,3,5
PA30,1,5
PA31,1,5
PA32,1,5
PA33,1,5
PA34,1,5
PA35,1,5
PA36,1,5
PA37,1,5
PA38,1,5
PA39,1,5
PA4,3,5
PA40,1,5
PA41,1,5
PA42,1,5
PA43,1,5
PA44,1,5
PA45,1,5
PA46,1,5
PA47,1,5
PA48,1,5
PA49,1,5
PA5,3,5
PA6,1,5
PA60,1,5
PA61,1,5
PA62,1,5
PA63,1,5
PA64,1,5
PA65,1,5
PA66,1,5
PA67,1,5
PA68,1,5
PA69,1,5
PA7,1,5
PA70,1,5
PA71,1,5
PA72,1,5
PA73,1,5
PA74,1,5
PA75,1,5
PA76,1,5
PA77,1,5
PA78,1,5
PA8,3,5
PA80,1,5
PA81,1,5
PA82,1,5
PA83,1,5
PA84,1,5
PA85,1,5
PA86,1,5
PA87,1,5
PA88,1,5
PA9,3,5
PA98,3,5
PE1,2,2
PE10,2,3
PE11,2,3
PE12,1,3
PE13,2,2
PE14,1,2
PE15,2,2
PE16,2,2
PE17,1,3
PE18,1,2
PE19,2,2
PE2,2,2
PE20,1,3
PE21,2,3
PE22,1,3
PE23,1,3
PE24,1,3
PE25,2,3
PE26,1,2
PE27,2,2
PE28,1,2
PE29,2,2
PE3,2,2
PE30,2,2
PE31,1,2
PE32,1,2
PE33,1,2
PE34,1,2
PE35,1,2
PE36,1,2
PE37,1,2
PE38,2,2
PE4,2,2
PE5,1,2
PE6,1,3
PE7,2,2
PE8,1,3
PE9,2,3
PE99,2,2
PH1,3,5
PH10,1,5
PH11,1,5
PH12,1,5
PH13,1,5
PH14,1,5
PH15,1,5
PH16,1,5
PH17,1,5
PH18,1,5
PH19,1,5
PH2,1,5
PH20,1,5
PH21,1,5
PH22,1,5
PH23,1,5
PH24,1,5
PH25,1,5
PH26,1,5
PH3,1,5
PH30,1,5
PH31,1,5
PH32,1,5
PH33,1,5
PH34,1,5
PH35,1,5
PH36,1,5
PH37,1,5
PH38,1,5
PH39,1,5
PH4,1,5
PH40,1,5
PH41,1,5
PH42,1,5
PH43,1,5
PH44,1,5
PH49,1,5
PH5,1,5
PH50,1,5
PH6,1,5
PH7,1,5
PH8,1,5
PH9,1,5
PL1,2,2
PL10,1,2
PL11,1,2
PL12,2,2
PL13,1,2
PL14,1,2
PL15,1,2
PL16,1,2
PL17,1,2
PL18,1,2
PL19,2,2
PL2,2,2
PL20,1,2
PL21,2,2
PL22,1,2
PL23,1,2
PL24,1,2
PL25,2,2
PL26,1,2
PL27,1,2
PL28,1,2
PL29,1,2
PL3,2,2
PL30,1,2
PL31,2,2
PL32,1,2
PL33,1,2
PL34,1,2
PL35,1,2
PL4,2,2
PL5,2,2
PL6,2,2
PL7,2,2
PL8,1,2
PL9,2,2
PL95,2,2
PO1,2,2
PO10,2,2
PO11,2,2
PO12,2,2
PO13,2,2
PO14,2,2
PO15,2,2
PO16,2,2
PO17,1,2
PO18,1,2
PO19,2,2
PO2,2,2
PO20,1,2
PO21,2,2
PO22,2,2
PO3,2,2
PO30,2,2
PO31,2,2
PO32,2,2
PO33,2,2
PO34,2,2
PO35,1,2
PO36,2,2
PO37,2,2
PO38,1,2
PO39,1,2
PO4,2,2
PO40,1,2
PO41,1,2
PO5,2,2
PO6,2,2
PO7,2,2
PO8,2,2
PO9,2,2
PR0,2,4
PR1,2,4
PR11,2,4
PR2,2,4
PR25,2,4
PR26,2,4
PR3,1,4
PR4,2,4
PR5,2,4
PR6,2,4
PR7,2,4
PR8,2,4
PR9,2,4
RG1,2,2
RG10,1,2
RG11,1,2
RG12,2,2
RG13,1,2
RG14,2,2
RG15,1,2
RG16,1,2
RG17,1,2
RG18,2,2
RG19,2,2
RG2,2,2
RG20,1,2
RG21,2,2
RG22,2,2
RG23,2,2
RG24,2,2
RG25,1,2
RG26,2,2
RG27,1,2
RG28,1,2
RG29,1,2
RG3,1,2
RG30,2,2
RG31,2,2
RG4,2,2
RG40,2,2
RG41,2,2
RG42,2,2
RG45,2,2
RG5,2,2
RG6,2,2
RG7,1,2
RG8,1,2
RG9,2,2
RH1,2,2
RH10,2,2
RH11,2,2
RH12,2,2
RH13,1,2
RH14,1,2
RH15,2,2
RH16,2,2
RH17,1,2
RH18,2,2
RH19,2,2
RH2,2,2
RH20,1,2
RH3,1,2
RH4,2,2
RH5,1,2
RH6,2,2
RH7,1,2
RH77,2,2
RH8,2,2
RH9,1,2
RM1,3,1
RM10,3,1
RM11,3,1
RM12,3,1
RM13,3,1
RM14,3,1
RM15,3,2
RM16,3,2
RM17,3,2
RM18,3,2
RM19,3,2
RM2,3,1
RM20,3,2
RM3,3,1
RM4,1,2
RM5,3,1
RM50,3,1
RM6,3,1
RM7,3,1
RM8,3,1
RM9,3,1
S1,3,4
S10,3,4
S11,3,4
S12,3,4
S13,3,4
S14,3,4
S17,3,4
S18,3,3
S19,1,3
S2,3,4
S20,3,4
S21,3,3
S25,2,4
S26,3,4
S3,3,4
S30,1,3
S31,1,3
S32,1,3
S33,1,3
S35,3,4
S36,2,4
S4,3,4
S40,2,3
S41,2,3
S42,2,3
S43,2,3
S44,2,3
S45,2,3
S49,2,3
S5,3,4
S6,3,4
S60,3,4
S61,3,4
S62,3,4
S63,3,4
S64,3,4
S65,3,4
S66,3,4
S7,3,4
S70,3,4
S71,3,4
S72,1,4
S73,3,4
S74,3,4
S75,3,4
S8,3,4
S80,2,3
S81,2,3
S9,3,4
S95,3,4
S96,3,4
S97,3,4
S98,3,4
S99,3,4
SA1,2,3
SA10,2,3
SA11,2,3
SA12,2,3
SA13,2,3
SA14,2,3
SA15,2,3
SA16,1,3
SA17,1,3
SA18,1,3
SA19,1,3
SA2,2,3
SA20,1,3
SA3,2,3
SA31,2,3
SA32,1,3
SA33,1,3
SA34,1,3
SA35,1,3
SA36,1,3
SA37,1,3
SA38,1,3
SA39,1,3
SA4,2,3
SA40,1,3
SA41,1,3
SA42,1,3
SA43,1,3
SA44,1,3
SA45,1,3
SA46,1,3
SA47,1,3
SA48,1,3
SA5,2,3
SA6,2,3
SA61,2,3
SA62,1,3
SA63,1,3
SA64,1,3
SA65,1,3
SA66,1,3
SA67,1,3
SA68,1,3
SA69,1,3
SA7,2,3
SA70,1,3
SA71,1,3
SA72,1,3
SA73,2,3
SA8,2,3
SA80,2,3
SA9,2,3
SA99,2,3
SE1,3,1
SE10,3,1
SE11,3,1
SE12,3,1
SE13,3,1
SE14,3,1
SE15,3,1
SE16,3,1
SE17,3,1
SE18,3,1
SE19,3,1
SE1P,3,1
SE2,3,1
SE20,3,1
SE21,3,1
SE22,3,1
SE23,3,1
SE24,3,1
SE25,3,1
SE26,3,1
SE27,3,1
SE28,3,1
SE3,3,1
SE4,3,1
SE5,3,1
SE6,3,1
SE7,3,1
SE8,3,1
SE9,3,1
SE99,3,1
SG1,2,2
SG10,1,2
SG11,1,2
SG12,2,2
SG13,2,2
SG14,2,2
SG15,1,2
SG16,1,2
SG17,2,2
SG18,2,2
SG19,1,2
SG2,2,2
SG3,1,2
SG4,2,2
SG5,2,2
SG6,2,2
SG7,2,2
SG8,1,2
SG9,1,2
SK1,3,4
SK10,2,4
SK11,2,4
SK12,3,4
SK13,3,3
SK14,3,4
SK15,3,4
SK16,3,4
SK17,2,3
SK2,3,4
SK22,2,3
SK23,1,3
SK3,3,4
SK4,3,4
SK5,3,4
SK6,3,4
SK7,3,4
SK8,3,4
SK9,3,4
SL0,1,2
SL1,2,2
SL2,2,2
SL3,2,2
SL4,2,2
SL5,2,2
SL6,2,2
SL60,2,2
SL7,2,2
SL8,2,2
SL9,2,2
SL95,2,2
SM1,3,1
SM2,3,1
SM3,3,1
SM4,3,1
SM5,3,1
SM6,3,1
SM7,3,2
SN1,2,2
SN10,2,2
SN11,2,2
SN12,2,2
SN13,2,2
SN14,2,2
SN15,2,2
SN16,1,2
SN17,2,2
SN2,2,2
SN25,2,2
SN26,2,2
SN3,2,2
SN38,2,2
SN4,1,2
SN5,2,2
SN6,1,2
SN7,1,2
SN8,1,2
SN9,1,2
SN99,2,2
SO1,1,2
SO14,2,2
SO15,2,2
SO16,2,2
SO17,2,2
SO18,2,2
SO19,2,2
SO2,1,2
SO20,1,2
SO21,1,2
SO22,2,2
SO23,2,2
SO24,1,2
SO25,2,2
SO3,1,2
SO30,2,2
SO31,2,2
SO32,1,2
SO4,1,2
SO40,2,2
SO41,2,2
SO42,1,2
SO43,1,2
SO45,2,2
SO5,1,2
SO50,2,2
SO51,2,2
SO52,1,2
SO53,2,2
SO9,2,2
SO97,2,2
SP1,2,2
SP10,2,2
SP11,1,2
SP2,2,2
SP3,1,2
SP4,1,2
SP5,1,2
SP6,1,2
SP7,1,2
SP8,2,2
SP9,1,2
SR1,3,4
SR2,3,4
SR3,3,4
SR4,3,4
SR43,3,4
SR5,3,4
SR6,3,4
SR7,2,4
SR8,2,4
SR88,2,4
SR9,3,4
SS0,2,2
SS1,2,2
SS11,2,2
SS12,2,2
SS13,2,2
SS14,2,2
SS15,2,2
SS16,2,2
SS17,2,2
SS2,2,2
SS22,1,2
SS3,2,2
SS4,2,2
SS5,2,2
SS6,2,2
SS7,2,2
SS8,2,2
SS9,2,2
SS99,2,2
ST1,2,3
ST10,1,3
ST11,2,3
ST12,1,3
ST13,2,3
ST14,2,3
ST15,2,3
ST16,2,3
ST17,2,3
ST18,1,3
ST19,1,3
ST2,2,3
ST20,1,3
ST21,1,3
ST3,2,3
ST4,2,3
ST5,2,3
ST55,2,3
ST6,2,3
ST7,2,3
ST8,2,3
ST9,2,3
SW10,3,1
SW11,3,1
SW12,3,1
SW13,3,1
SW14,3,1
SW15,3,1
SW16,3,1
SW17,3,1
SW18,3,1
SW19,3,1
SW1A,3,1
SW1E,3,1
SW1H,3,1
SW1P,3,1
SW1V,3,1
SW1W,3,1
SW1X,3,1
SW1Y,3,1
SW2,3,1
SW20,3,1
SW3,3,1
SW4,3,1
SW5,3,1
SW6,3,1
SW7,3,1
SW8,3,1
SW9,3,1
SW95,3,1
SW99,3,1
SY1,2,3
SY10,1,3
SY11,2,3
SY12,1,3
SY13,1,3
SY14,1,4
SY15,1,3
SY16,2,3
SY17,1,3
SY18,1,3
SY19,1,3
SY2,2,3
SY20,1,3
SY21,1,3
SY22,1,3
SY23,2,3
SY24,1,3
SY25,1,3
SY3,2,3
SY4,1,3
SY5,1,3
SY6,1,3
SY7,1,3
SY8,2,3
SY9,1,3
SY99,2,3
TA1,2,2
TA10,1,2
TA11,1,2
TA12,1,2
TA13,1,2
TA14,1,2
TA15,1,2
TA16,1,2
TA17,1,2
TA18,1,2
TA19,1,2
TA2,2,2
TA20,2,2
TA21,2,2
TA22,1,2
TA23,1,2
TA24,2,2
TA3,1,2
TA4,1,2
TA5,1,2
TA6,2,2
TA7,1,2
TA8,2,2
TA9,2,2
TD1,3,5
TD10,1,5
TD11,1,5
TD12,1,5
TD13,1,5
TD14,1,5
TD15,2,4
TD2,1,5
TD3,1,5
TD4,1,5
TD5,1,5
TD6,1,5
TD7,1,5
TD8,1,5
TD9,3,5
TF1,2,3
TF10,2,3
TF11,1,3
TF12,2,3
TF13,1,3
TF2,2,3
TF3,2,3
TF4,2,3
TF5,2,3
TF6,1,3
TF7,2,3
TF8,2,3
TF9,1,3
TN1,2,2
TN10,2,2
TN11,1,2
TN12,1,2
TN13,2,2
TN14,1,2
TN15,1,2
TN16,2,1
TN17,1,2
TN18,1,2
TN19,1,2
TN2,2,2
TN20,1,2
TN21,1,2
TN22,2,2
TN23,2,2
TN24,2,2
TN25,1,2
TN26,1,2
TN27,1,2
TN28,1,2
TN29,1,2
TN3,1,2
TN30,1,2
TN31,1,2
TN32,1,2
TN33,1,2
TN34,2,2
TN35,2,2
TN36,1,2
TN37,2,2
TN38,2,2
TN39,2,2
TN4,2,2
TN40,2,2
TN5,1,2
TN6,2,2
TN7,1,2
TN8,1,2
TN9,2,2
TQ1,2,2
TQ10,1,2
TQ11,1,2
TQ12,2,2
TQ13,1,2
TQ14,2,2
TQ2,2,2
TQ3,2,2
TQ4,2,2
TQ5,2,2
TQ6,1,2
TQ7,1,2
TQ8,1,2
TQ9,1,2
TR1,2,2
TR10,2,2
TR11,2,2
TR12,1,2
TR13,2,2
TR14,2,2
TR15,2,2
TR16,1,2
TR17,1,2
TR18,2,2
TR19,1,2
TR2,1,2
TR20,1,2
TR21,1,2
TR22,1,2
TR23,1,2
TR24,1,2
TR25,1,2
TR26,1,2
TR27,1,2
TR3,1,2
TR4,1,2
TR5,1,2
TR6,1,2
TR7,2,2
TR8,1,2
TR9,1,2
TR93,1,2
TS1,2,4
TS10,2,4
TS11,1,4
TS12,1,4
TS13,1,4
TS14,2,4
TS15,2,4
TS16,2,4
TS17,2,4
TS18,2,4
TS19,2,4
TS2,2,4
TS20,2,4
TS21,1,4
TS22,2,4
TS23,2,4
TS24,2,4
TS25,2,4
TS26,2,4
TS27,2,4
TS28,1,4
TS29,1,4
TS3,2,4
TS4,2,4
TS5,2,4
TS6,2,4
TS7,2,4
TS8,2,4
TS9,1,4
TS90,2,4
TW1,3,1
TW10,3,1
TW11,3,1
TW12,3,1
TW13,3,1
TW14,3,1
TW15,3,2
TW16,3,2
TW17,3,2
TW18,3,2
TW19,3,2
TW2,3,1
TW20,3,2
TW3,3,1
TW4,3,1
TW5,3,1
TW6,2,1
TW7,3,1
TW8,3,1
TW9,3,1
UB1,3,1
UB10,3,1
UB11,3,1
UB18,3,1
UB2,3,1
UB3,3,1
UB4,3,1
UB5,3,1
UB6,3,1
UB7,3,1
UB8,3,1
UB9,1,1
W1,3,1
W10,3,1
W11,3,1
W12,3,1
W13,3,1
W14,3,1
W1A,3,1
W1B,3,1
W1C,3,1
W1D,3,1
W1F,3,1
W1G,3,1
W1H,3,1
W1J,3,1
W1K,3,1
W1M,3,1
W1N,3,1
W1P,3,1
W1R,3,1
W1S,3,1
W1T,3,1
W1U,3,1
W1V,3,1
W1W,3,1
W1X,3,1
W1Y,3,1
W2,3,1
W3,3,1
W4,3,1
W5,3,1
W6,3,1
W7,3,1
W8,3,1
W9,3,1
WA1,2,4
WA10,3,4
WA11,3,4
WA12,3,4
WA13,2,4
WA14,3,4
WA15,3,4
WA16,2,4
WA2,2,4
WA3,3,4
WA4,2,4
WA5,2,4
WA55,2,4
WA6,1,4
WA7,2,4
WA8,2,4
WA88,2,4
WA9,3,4
WC1A,3,1
WC1B,3,1
WC1E,3,1
WC1H,3,1
WC1N,3,1
WC1R,3,1
WC1V,3,1
WC1X,3,1
WC2A,3,1
WC2B,3,1
WC2E,3,1
WC2H,3,1
WC2N,3,1
WC2R,3,1
WC99,3,1
WD1,1,2
WD17,3,2
WD18,3,2
WD19,3,2
WD2,1,1
WD23,3,2
WD24,3,2
WD25,3,2
WD3,3,2
WD4,3,2
WD5,3,2
WD6,3,2
WD7,1,2
WD99,3,2
WF1,3,4
WF10,2,4
WF11,2,4
WF12,3,4
WF13,3,4
WF14,3,4
WF15,3,4
WF16,3,4
WF17,3,4
WF2,3,4
WF3,3,4
WF4,1,4
WF5,3,4
WF6,2,4
WF7,2,4
WF8,2,4
WF9,1,4
WF90,3,4
WN1,3,4
WN2,3,4
WN3,3,4
WN4,3,4
WN5,3,4
WN6,3,4
WN7,3,4
WN8,3,4
WR1,2,3
WR10,1,3
WR11,2,3
WR12,1,3
WR13,1,3
WR14,2,3
WR15,1,3
WR2,2,3
WR3,2,3
WR4,2,3
WR5,2,3
WR6,1,3
WR7,1,3
WR78,2,3
WR8,1,3
WR9,2,3
WR99,2,3
WS1,3,3
WS10,3,3
WS11,3,3
WS12,3,3
WS13,2,3
WS14,2,3
WS15,2,3
WS2,3,3
WS3,3,3
WS4,3,3
WS5,3,3
WS6,3,3
WS7,3,3
WS8,3,3
WS9,3,3
WV1,3,3
WV10,3,3
WV11,3,3
WV12,3,3
WV13,3,3
WV14,3,3
WV15,1,3
WV16,2,3
WV2,3,3
WV3,3,3
WV4,3,3
WV5,3,3
WV6,3,3
WV7,1,3
WV8,3,3
WV9,3,3
WV98,2,3
WV99,2,3
YO1,2,4
YO10,2,4
YO11,2,4
YO12,2,4
YO13,1,4
YO14,1,4
YO15,2,4
YO16,2,4
YO17,2,4
YO18,1,4
YO19,1,4
YO2,1,4
YO21,2,4
YO22,1,4
YO23,1,4
YO24,2,4
YO25,1,4
YO26,2,4
YO3,1,4
YO30,2,4
YO31,2,4
YO32,2,4
YO4,1,4
YO41,1,4
YO42,1,4
YO43,1,4
YO5,1,4
YO51,1,4
YO6,1,4
YO60,1,4
YO61,1,4
YO62,1,4
YO7,1,4
YO8,2,4
YO90,2,4
YO91,2,4
YO95,1,4
ZE1,1,5
ZE2,1,5
ZE3,1,5
