"F-1-1","F-1-2","F-1-3","F-1-4","F-1-5","F-1-1-1","F-1-1-2","F-1-1-3","F-1-1-4","F-1-1-5","F-1-2-1","F-1-2-2","F-1-2-3","F-1-2-4","F-1-2-5","conjoint_misleading","conjoint","country","weight","n"
"F-1-1","F-1-2","F-1-3","F-1-4","F-1-5","F-1-1-1","F-1-1-2","F-1-1-3","F-1-1-4","F-1-1-5","F-1-2-1","F-1-2-2","F-1-2-3","F-1-2-4","F-1-2-5","conjoint_misleading","conjoint","country","weight","n"
"econ_issues","climate_pol","society_issues","foreign_policy","tax_system","econ_issues2","climate_pol2","-","foreign_policy2","tax_system2","econ_issues1","climate_pol1","society_issues1","-","tax_system3",1,"Candidate A","PL",1.04494715852916,"PL1"
"foreign_policy","climate_pol","econ_issues","society_issues","tax_system","-","climate_pol1","-","society_issues2","tax_system1","foreign_policy1","climate_pol1","-","society_issues3","tax_system3",1,"Candidate A","PL",1.11861162086607,"PL3"
"society_issues","foreign_policy","tax_system","climate_pol","econ_issues","society_issues1","foreign_policy2","tax_system3","-","econ_issues2","society_issues3","-","tax_system3","climate_pol1","-",1,"Candidate A","PL",1.08781830760369,"PL5"
"tax_system","econ_issues","foreign_policy","climate_pol","society_issues","tax_system1","econ_issues1","-","climate_pol1","society_issues2","tax_system3","econ_issues2","foreign_policy1","climate_pol2","society_issues2",2,"Candidate B","PL",0.823255895857733,"PL6"
"econ_issues","society_issues","climate_pol","tax_system","foreign_policy","econ_issues2","society_issues1","-","tax_system1","-","-","-","-","tax_system2","foreign_policy1",1,"Candidate A","PL",0.812079853115045,"PL8"
"society_issues","foreign_policy","tax_system","climate_pol","econ_issues","society_issues2","-","-","climate_pol2","econ_issues1","society_issues2","-","tax_system1","-","econ_issues1",1,"Neither of them","PL",1.1619730782911,"PL9"
"climate_pol","society_issues","econ_issues","foreign_policy","tax_system","climate_pol1","society_issues3","econ_issues2","-","tax_system1","-","society_issues1","-","foreign_policy1","tax_system3",2,"Candidate B","PL",0.823833330522791,"PL10"
"tax_system","foreign_policy","society_issues","climate_pol","econ_issues","tax_system1","-","society_issues2","-","-","tax_system2","foreign_policy1","society_issues3","-","econ_issues2",1,"Candidate A","PL",0.982115936638431,"PL12"
"climate_pol","foreign_policy","econ_issues","society_issues","tax_system","climate_pol2","foreign_policy1","econ_issues1","society_issues3","tax_system2","climate_pol1","foreign_policy1","econ_issues1","society_issues1","tax_system2",2,"Candidate B","PL",0.88622058241047,"PL13"
"econ_issues","foreign_policy","climate_pol","tax_system","society_issues","econ_issues1","foreign_policy1","climate_pol1","-","society_issues3","econ_issues2","-","climate_pol2","-","society_issues3",1,"Neither of them","PL",0.91323079228722,"PL14"
"tax_system","econ_issues","society_issues","foreign_policy","climate_pol","tax_system3","econ_issues2","society_issues3","foreign_policy2","climate_pol2","tax_system3","econ_issues1","society_issues2","-","-",2,"Candidate B","PL",0.723488460170396,"PL15"
"econ_issues","tax_system","society_issues","climate_pol","foreign_policy","econ_issues1","tax_system2","-","-","foreign_policy1","econ_issues1","tax_system1","society_issues3","-","foreign_policy1",2,"Candidate B","PL",1.08781830760369,"PL16"
"econ_issues","climate_pol","foreign_policy","society_issues","tax_system","econ_issues2","climate_pol1","foreign_policy1","society_issues2","-","econ_issues2","climate_pol2","foreign_policy1","society_issues1","tax_system3",1,"Candidate A","PL",0.860394181744242,"PL17"
"climate_pol","foreign_policy","tax_system","society_issues","econ_issues","climate_pol2","-","-","society_issues2","econ_issues2","-","foreign_policy2","tax_system3","society_issues3","econ_issues1",2,"Candidate B","PL",0.84114086126564,"PL18"
"climate_pol","econ_issues","foreign_policy","tax_system","society_issues","-","econ_issues1","foreign_policy3","tax_system3","-","climate_pol2","-","-","tax_system1","society_issues1",1,"Neither of them","PL",0.891115168448149,"PL20"
"climate_pol","tax_system","foreign_policy","econ_issues","society_issues","-","tax_system2","-","econ_issues1","society_issues3","-","tax_system3","foreign_policy1","-","-",2,"Candidate B","PL",1.0139107161355,"PL21"
"climate_pol","econ_issues","tax_system","foreign_policy","society_issues","-","econ_issues1","tax_system1","foreign_policy2","society_issues2","climate_pol2","econ_issues1","tax_system3","-","society_issues1",2,"Candidate B","PL",1.07030451596525,"PL22"
"climate_pol","tax_system","econ_issues","society_issues","foreign_policy","-","tax_system3","-","-","foreign_policy1","climate_pol1","tax_system3","-","society_issues2","foreign_policy2",2,"Candidate B","PL",0.891115168448149,"PL23"
"tax_system","econ_issues","society_issues","foreign_policy","climate_pol","tax_system1","econ_issues2","society_issues3","-","climate_pol2","tax_system2","econ_issues1","society_issues2","foreign_policy1","-",1,"Neither of them","PL",1.14007784466889,"PL24"
"econ_issues","foreign_policy","society_issues","climate_pol","tax_system","econ_issues1","foreign_policy2","society_issues1","climate_pol2","tax_system3","econ_issues1","-","society_issues2","climate_pol2","tax_system3",1,"Neither of them","PL",0.981444558813614,"PL25"
"society_issues","climate_pol","tax_system","foreign_policy","econ_issues","society_issues1","-","tax_system2","foreign_policy1","econ_issues1","-","-","tax_system1","foreign_policy2","-",1,"Candidate A","PL",0.970607705184112,"PL26"
"foreign_policy","econ_issues","tax_system","climate_pol","society_issues","-","econ_issues2","tax_system3","climate_pol1","society_issues1","foreign_policy3","econ_issues2","tax_system2","-","-",1,"Neither of them","PL",0.6697845712857,"PL27"
"tax_system","society_issues","econ_issues","climate_pol","foreign_policy","tax_system2","society_issues1","econ_issues1","climate_pol2","-","tax_system2","society_issues2","econ_issues1","climate_pol1","-",1,"Candidate A","PL",0.730777259035169,"PL32"
"foreign_policy","climate_pol","tax_system","society_issues","econ_issues","foreign_policy2","climate_pol1","tax_system2","-","econ_issues2","foreign_policy1","climate_pol2","tax_system3","society_issues3","-",2,"Candidate B","PL",0.781364955679956,"PL33"
"econ_issues","tax_system","society_issues","foreign_policy","climate_pol","-","-","society_issues3","-","climate_pol2","econ_issues2","tax_system1","-","foreign_policy2","climate_pol1",1,"Neither of them","PL",0.832359359482303,"PL34"
"foreign_policy","society_issues","climate_pol","tax_system","econ_issues","foreign_policy1","society_issues2","-","-","econ_issues1","foreign_policy1","society_issues2","-","tax_system1","econ_issues1",1,"Candidate A","PL",0.901653637610069,"PL35"
"climate_pol","foreign_policy","econ_issues","tax_system","society_issues","climate_pol2","foreign_policy1","econ_issues1","tax_system1","society_issues2","climate_pol2","foreign_policy1","econ_issues2","tax_system1","society_issues3",1,"Neither of them","PL",1.0339039212162,"PL36"
"society_issues","econ_issues","foreign_policy","tax_system","climate_pol","-","-","foreign_policy2","tax_system3","-","society_issues2","econ_issues2","-","-","climate_pol1",1,"Neither of them","PL",0.963622631874441,"PL37"
"foreign_policy","tax_system","econ_issues","society_issues","climate_pol","-","tax_system2","-","society_issues3","climate_pol1","-","tax_system2","econ_issues2","society_issues2","climate_pol1",1,"Neither of them","PL",1.1459064815696,"PL39"
"foreign_policy","society_issues","econ_issues","climate_pol","tax_system","foreign_policy1","society_issues1","-","climate_pol2","tax_system1","foreign_policy2","society_issues1","-","climate_pol1","tax_system1",2,"Candidate B","PL",0.780283430161969,"PL40"
"climate_pol","tax_system","foreign_policy","society_issues","econ_issues","climate_pol2","tax_system2","foreign_policy1","society_issues1","-","-","tax_system1","foreign_policy3","-","econ_issues1",2,"Candidate B","PL",1.05722326447039,"PL41"
"tax_system","society_issues","climate_pol","econ_issues","foreign_policy","tax_system1","society_issues1","climate_pol2","econ_issues2","-","tax_system3","society_issues2","climate_pol1","econ_issues1","foreign_policy1",1,"Neither of them","PL",0.823255895857733,"PL42"
"climate_pol","foreign_policy","econ_issues","tax_system","society_issues","-","foreign_policy1","-","tax_system3","-","-","foreign_policy3","econ_issues1","-","-",1,"Neither of them","PL",0.984910543251027,"PL44"
"econ_issues","society_issues","tax_system","foreign_policy","climate_pol","econ_issues2","society_issues1","tax_system2","foreign_policy1","-","econ_issues1","-","tax_system2","foreign_policy2","climate_pol2",1,"Candidate A","PL",0.837529226506504,"PL45"
"econ_issues","foreign_policy","tax_system","society_issues","climate_pol","econ_issues1","foreign_policy2","tax_system2","society_issues1","climate_pol1","econ_issues2","foreign_policy2","tax_system3","-","climate_pol2",1,"Neither of them","PL",0.897244228020477,"PL46"
"climate_pol","society_issues","tax_system","econ_issues","foreign_policy","climate_pol1","society_issues2","-","econ_issues1","foreign_policy2","climate_pol1","society_issues1","-","econ_issues2","foreign_policy1",2,"Candidate B","PL",1.02236227086279,"PL47"
"climate_pol","society_issues","tax_system","econ_issues","foreign_policy","-","society_issues3","-","econ_issues2","-","climate_pol1","society_issues2","tax_system1","econ_issues2","foreign_policy1",2,"Candidate B","PL",1.11804059685976,"PL49"
"climate_pol","econ_issues","tax_system","society_issues","foreign_policy","climate_pol2","econ_issues2","tax_system2","society_issues3","foreign_policy2","climate_pol1","econ_issues2","tax_system1","society_issues3","foreign_policy2",1,"Neither of them","PL",0.957121093933746,"PL53"
"foreign_policy","society_issues","climate_pol","econ_issues","tax_system","-","-","climate_pol1","econ_issues1","tax_system2","foreign_policy1","society_issues1","climate_pol2","-","tax_system1",1,"Candidate A","PL",1.02079781353734,"PL54"
"society_issues","foreign_policy","econ_issues","tax_system","climate_pol","-","-","econ_issues1","-","-","society_issues3","foreign_policy2","econ_issues2","-","-",2,"Candidate B","PL",0.901584910726597,"PL55"
"tax_system","foreign_policy","econ_issues","climate_pol","society_issues","tax_system1","foreign_policy3","econ_issues2","-","society_issues3","tax_system2","-","econ_issues1","climate_pol2","society_issues2",1,"Candidate A","PL",1.07457818497905,"PL56"
"society_issues","climate_pol","tax_system","foreign_policy","econ_issues","society_issues3","climate_pol2","-","-","-","society_issues3","-","tax_system1","-","econ_issues2",1,"Candidate A","PL",0.861602596915722,"PL57"
"econ_issues","foreign_policy","climate_pol","tax_system","society_issues","econ_issues1","-","climate_pol2","tax_system3","society_issues3","econ_issues1","foreign_policy1","climate_pol2","tax_system1","society_issues1",1,"Neither of them","PL",0.636462806903533,"PL58"
"foreign_policy","econ_issues","tax_system","society_issues","climate_pol","foreign_policy2","econ_issues2","tax_system3","society_issues1","climate_pol1","-","-","tax_system2","-","climate_pol1",1,"Neither of them","PL",1.34422940565912,"PL59"
"tax_system","econ_issues","society_issues","foreign_policy","climate_pol","tax_system2","econ_issues2","society_issues1","foreign_policy1","-","-","econ_issues1","society_issues1","-","-",2,"Candidate B","PL",1.15414595289276,"PL60"
"climate_pol","foreign_policy","econ_issues","society_issues","tax_system","climate_pol2","-","econ_issues1","society_issues1","tax_system2","-","foreign_policy2","-","society_issues3","tax_system1",2,"Candidate B","PL",1.04863728903909,"PL63"
"econ_issues","foreign_policy","climate_pol","society_issues","tax_system","-","foreign_policy1","-","society_issues1","tax_system3","econ_issues1","-","climate_pol1","society_issues2","tax_system2",1,"Candidate A","PL",0.944293891411906,"PL65"
"tax_system","society_issues","econ_issues","foreign_policy","climate_pol","-","-","econ_issues2","-","-","tax_system3","society_issues2","econ_issues1","foreign_policy1","climate_pol2",1,"Neither of them","PL",1.27349888467371,"PL66"
"econ_issues","tax_system","climate_pol","society_issues","foreign_policy","econ_issues2","-","climate_pol1","society_issues2","-","econ_issues1","tax_system3","-","society_issues3","foreign_policy3",1,"Neither of them","PL",1.13081930449816,"PL70"
"tax_system","econ_issues","society_issues","foreign_policy","climate_pol","tax_system2","-","-","foreign_policy1","climate_pol2","tax_system2","econ_issues1","society_issues3","foreign_policy2","-",1,"Candidate A","PL",0.948776144103134,"PL73"
"econ_issues","tax_system","climate_pol","society_issues","foreign_policy","-","-","climate_pol1","-","foreign_policy2","-","tax_system1","-","-","foreign_policy1",2,"Candidate B","PL",0.809442521791654,"PL74"
"society_issues","econ_issues","climate_pol","foreign_policy","tax_system","society_issues3","-","-","foreign_policy2","-","society_issues3","-","-","foreign_policy3","tax_system2",1,"Candidate A","PL",1.2711229492279,"PL75"
"society_issues","climate_pol","econ_issues","tax_system","foreign_policy","society_issues1","-","-","tax_system3","foreign_policy2","society_issues2","climate_pol2","-","-","-",1,"Neither of them","PL",1.04494715852916,"PL76"
"climate_pol","econ_issues","foreign_policy","society_issues","tax_system","-","-","-","society_issues2","-","climate_pol2","econ_issues2","-","society_issues2","tax_system3",2,"Candidate B","PL",1.04863728903909,"PL77"
"society_issues","econ_issues","foreign_policy","tax_system","climate_pol","-","-","-","tax_system2","climate_pol2","society_issues3","econ_issues1","-","tax_system3","climate_pol1",1,"Candidate A","PL",0.729119515049605,"PL78"
"society_issues","tax_system","climate_pol","econ_issues","foreign_policy","society_issues1","tax_system3","-","econ_issues2","foreign_policy2","society_issues3","tax_system2","climate_pol2","-","-",1,"Candidate A","PL",1.24689610030205,"PL79"
"foreign_policy","society_issues","climate_pol","tax_system","econ_issues","foreign_policy2","-","climate_pol2","tax_system1","-","-","society_issues1","climate_pol2","tax_system2","econ_issues2",2,"Candidate B","PL",1.07457818497905,"PL80"
"econ_issues","foreign_policy","tax_system","society_issues","climate_pol","-","foreign_policy1","-","society_issues1","-","econ_issues2","foreign_policy2","tax_system2","society_issues1","-",2,"Candidate B","PL",0.986275514124359,"PL82"
"foreign_policy","econ_issues","climate_pol","society_issues","tax_system","foreign_policy2","econ_issues1","climate_pol2","society_issues2","tax_system2","foreign_policy2","econ_issues2","climate_pol2","society_issues1","tax_system1",1,"Neither of them","PL",1.28845874665914,"PL83"
"tax_system","climate_pol","foreign_policy","society_issues","econ_issues","tax_system2","-","foreign_policy1","society_issues2","econ_issues2","tax_system1","climate_pol1","foreign_policy1","society_issues2","econ_issues2",2,"Candidate B","PL",0.780283659322992,"PL85"
"climate_pol","econ_issues","tax_system","society_issues","foreign_policy","climate_pol1","-","tax_system2","society_issues2","-","climate_pol2","econ_issues2","tax_system2","society_issues2","-",1,"Candidate A","PL",0.790303065627187,"PL87"
"climate_pol","foreign_policy","society_issues","econ_issues","tax_system","-","foreign_policy1","society_issues1","econ_issues1","tax_system3","climate_pol2","foreign_policy2","society_issues2","-","tax_system1",1,"Candidate A","PL",0.658578490950523,"PL88"
"tax_system","society_issues","foreign_policy","climate_pol","econ_issues","tax_system2","society_issues3","-","-","-","tax_system3","society_issues1","foreign_policy2","-","econ_issues2",1,"Candidate A","PL",0.663053145797606,"PL89"
"econ_issues","tax_system","society_issues","foreign_policy","climate_pol","-","tax_system1","society_issues2","-","climate_pol2","econ_issues1","-","-","foreign_policy1","-",2,"Candidate B","PL",0.772290505455898,"PL90"
"foreign_policy","climate_pol","society_issues","econ_issues","tax_system","foreign_policy2","climate_pol1","society_issues3","econ_issues1","-","foreign_policy2","-","-","-","tax_system3",1,"Candidate A","PL",0.84144449760926,"PL91"
"foreign_policy","econ_issues","society_issues","tax_system","climate_pol","-","econ_issues1","society_issues3","tax_system3","-","foreign_policy2","econ_issues1","society_issues1","tax_system3","climate_pol2",1,"Candidate A","PL",0.725349628358873,"PL92"
"econ_issues","tax_system","society_issues","climate_pol","foreign_policy","econ_issues2","tax_system1","-","climate_pol2","foreign_policy2","econ_issues2","-","society_issues1","climate_pol1","-",1,"Candidate A","PL",1.35335912224029,"PL94"
"foreign_policy","society_issues","tax_system","econ_issues","climate_pol","-","society_issues3","tax_system1","-","climate_pol2","foreign_policy1","society_issues1","tax_system1","econ_issues1","climate_pol2",1,"Neither of them","PL",1.37073292162325,"PL96"
"econ_issues","climate_pol","foreign_policy","tax_system","society_issues","econ_issues2","climate_pol2","-","tax_system3","-","econ_issues2","climate_pol1","foreign_policy2","tax_system2","society_issues2",2,"Candidate B","PL",0.772290505455898,"PL97"
"econ_issues","climate_pol","society_issues","tax_system","foreign_policy","econ_issues2","climate_pol2","society_issues1","tax_system2","foreign_policy2","-","-","society_issues2","tax_system2","foreign_policy1",1,"Candidate A","PL",0.891115168448149,"PL99"
"society_issues","foreign_policy","econ_issues","tax_system","climate_pol","society_issues3","foreign_policy1","econ_issues2","tax_system2","-","society_issues3","foreign_policy2","econ_issues1","tax_system1","climate_pol1",1,"Candidate A","PL",0.84144449760926,"PL100"
"tax_system","foreign_policy","society_issues","climate_pol","econ_issues","-","-","-","climate_pol1","econ_issues1","tax_system1","foreign_policy2","society_issues3","climate_pol1","econ_issues1",1,"Candidate A","PL",1.13081930449816,"PL102"
"tax_system","econ_issues","society_issues","climate_pol","foreign_policy","-","econ_issues2","-","climate_pol2","foreign_policy2","-","econ_issues2","society_issues1","-","-",2,"Candidate B","PL",0.97482283913764,"PL103"
"econ_issues","society_issues","foreign_policy","tax_system","climate_pol","econ_issues1","-","foreign_policy2","tax_system3","-","econ_issues2","society_issues3","foreign_policy1","-","-",1,"Candidate A","PL",0.948776144103134,"PL104"
"climate_pol","society_issues","econ_issues","foreign_policy","tax_system","climate_pol1","society_issues3","-","-","tax_system1","climate_pol1","society_issues3","-","foreign_policy1","tax_system1",2,"Candidate B","PL",1.04494715852916,"PL106"
"society_issues","econ_issues","foreign_policy","tax_system","climate_pol","society_issues1","econ_issues1","foreign_policy1","-","climate_pol2","-","econ_issues2","foreign_policy1","tax_system3","climate_pol2",1,"Candidate A","PL",0.25,"PL107"
"society_issues","foreign_policy","tax_system","econ_issues","climate_pol","society_issues1","foreign_policy2","-","-","-","society_issues3","-","tax_system2","-","climate_pol2",2,"Candidate B","PL",0.871441862207448,"PL109"
"econ_issues","foreign_policy","society_issues","climate_pol","tax_system","econ_issues2","foreign_policy1","society_issues2","-","tax_system3","econ_issues2","-","society_issues3","climate_pol1","-",2,"Candidate B","PL",0.947628744584981,"PL111"
"society_issues","econ_issues","tax_system","foreign_policy","climate_pol","society_issues1","-","tax_system1","-","climate_pol1","-","-","tax_system1","-","climate_pol1",1,"Candidate A","PL",1.24689610030205,"PL113"
"tax_system","foreign_policy","climate_pol","econ_issues","society_issues","tax_system1","-","climate_pol2","econ_issues1","society_issues2","-","foreign_policy2","-","econ_issues2","society_issues2",2,"Candidate B","PL",0.984910543251027,"PL114"
"society_issues","econ_issues","climate_pol","tax_system","foreign_policy","society_issues2","-","climate_pol1","tax_system3","foreign_policy1","society_issues3","econ_issues2","climate_pol1","-","foreign_policy1",1,"Neither of them","PL",0.775018235714413,"PL116"
"foreign_policy","tax_system","econ_issues","climate_pol","society_issues","-","tax_system1","-","climate_pol1","-","-","-","-","climate_pol1","society_issues2",1,"Candidate A","PL",0.780283430161969,"PL117"
"society_issues","foreign_policy","econ_issues","climate_pol","tax_system","society_issues2","foreign_policy2","-","climate_pol1","tax_system3","society_issues1","foreign_policy2","econ_issues1","climate_pol2","tax_system1",2,"Candidate B","PL",0.891115168448149,"PL118"
"foreign_policy","climate_pol","tax_system","society_issues","econ_issues","foreign_policy2","climate_pol1","tax_system2","society_issues2","econ_issues1","-","climate_pol2","-","society_issues2","econ_issues2",1,"Candidate A","PL",1.13081930449816,"PL122"
"society_issues","climate_pol","tax_system","foreign_policy","econ_issues","-","-","-","foreign_policy3","-","-","climate_pol2","tax_system3","foreign_policy2","econ_issues1",1,"Candidate A","PL",0.891115168448149,"PL123"
"econ_issues","foreign_policy","society_issues","tax_system","climate_pol","econ_issues1","-","society_issues3","-","climate_pol2","econ_issues1","-","society_issues1","tax_system1","climate_pol2",1,"Neither of them","PL",0.948776144103134,"PL126"
"society_issues","econ_issues","tax_system","foreign_policy","climate_pol","society_issues1","-","tax_system3","foreign_policy2","climate_pol1","society_issues2","econ_issues1","-","foreign_policy2","climate_pol1",1,"Candidate A","PL",0.772290505455898,"PL127"
"econ_issues","climate_pol","foreign_policy","society_issues","tax_system","econ_issues1","climate_pol2","-","society_issues2","tax_system1","-","climate_pol1","-","society_issues2","tax_system2",1,"Candidate A","PL",0.978265450792437,"PL128"
"foreign_policy","tax_system","climate_pol","econ_issues","society_issues","foreign_policy1","tax_system3","climate_pol2","econ_issues2","society_issues1","foreign_policy1","tax_system2","climate_pol1","econ_issues1","society_issues1",2,"Candidate B","PL",0.885102582841564,"PL129"
"foreign_policy","tax_system","society_issues","climate_pol","econ_issues","foreign_policy2","tax_system1","society_issues3","climate_pol2","econ_issues1","foreign_policy2","-","society_issues2","-","-",1,"Candidate A","PL",1.15628196071925,"PL130"
"tax_system","climate_pol","foreign_policy","econ_issues","society_issues","-","climate_pol1","-","econ_issues1","society_issues1","-","-","-","econ_issues2","society_issues3",1,"Neither of them","PL",1.0021373025678,"PL133"
"society_issues","econ_issues","tax_system","climate_pol","foreign_policy","society_issues3","econ_issues2","-","climate_pol2","foreign_policy1","society_issues2","econ_issues1","tax_system1","climate_pol1","foreign_policy2",1,"Candidate A","PL",0.984910543251027,"PL134"
"tax_system","foreign_policy","society_issues","climate_pol","econ_issues","tax_system2","-","society_issues3","-","-","tax_system1","foreign_policy1","society_issues2","climate_pol1","-",2,"Candidate B","PL",0.948776144103134,"PL135"
"tax_system","foreign_policy","climate_pol","econ_issues","society_issues","tax_system2","-","climate_pol2","econ_issues1","society_issues3","tax_system1","foreign_policy2","-","econ_issues2","-",1,"Neither of them","PL",1.00539394825983,"PL136"
"climate_pol","society_issues","econ_issues","tax_system","foreign_policy","climate_pol1","-","econ_issues2","tax_system3","foreign_policy2","climate_pol1","society_issues1","econ_issues1","tax_system1","-",2,"Candidate B","PL",1.15628196071925,"PL137"
"foreign_policy","econ_issues","society_issues","climate_pol","tax_system","-","-","society_issues3","climate_pol1","tax_system3","-","econ_issues1","society_issues2","climate_pol1","tax_system2",2,"Candidate B","PL",0.927830560272364,"PL139"
"society_issues","climate_pol","foreign_policy","tax_system","econ_issues","society_issues1","climate_pol2","foreign_policy1","-","-","society_issues3","climate_pol1","-","tax_system2","econ_issues2",1,"Neither of them","PL",1.0231357420092,"PL141"
"tax_system","econ_issues","foreign_policy","climate_pol","society_issues","tax_system2","econ_issues1","-","climate_pol1","-","tax_system2","-","foreign_policy3","-","society_issues3",1,"Neither of them","PL",0.984910543251027,"PL143"
"tax_system","society_issues","climate_pol","foreign_policy","econ_issues","tax_system1","-","climate_pol2","-","-","tax_system3","society_issues3","climate_pol1","foreign_policy2","-",1,"Neither of them","PL",0.737836214386013,"PL145"
"foreign_policy","society_issues","econ_issues","tax_system","climate_pol","foreign_policy3","society_issues3","econ_issues2","tax_system3","-","foreign_policy2","society_issues3","econ_issues2","-","climate_pol2",2,"Candidate B","PL",1.12684011519873,"PL146"
"econ_issues","tax_system","society_issues","climate_pol","foreign_policy","econ_issues1","tax_system2","society_issues1","climate_pol2","-","-","tax_system3","society_issues3","-","-",2,"Candidate B","PL",1.00894446721406,"PL147"
"econ_issues","tax_system","climate_pol","society_issues","foreign_policy","-","tax_system3","-","-","foreign_policy3","econ_issues1","tax_system2","-","society_issues1","foreign_policy1",1,"Neither of them","PL",0.777537180635886,"PL149"
"tax_system","climate_pol","society_issues","foreign_policy","econ_issues","tax_system2","-","society_issues1","-","econ_issues2","tax_system3","-","-","foreign_policy2","econ_issues2",1,"Candidate A","PL",0.732857046474877,"PL150"
"econ_issues","tax_system","foreign_policy","climate_pol","society_issues","econ_issues1","tax_system3","-","-","society_issues2","econ_issues2","tax_system2","foreign_policy2","-","-",1,"Candidate A","PL",1.27349888467371,"PL152"
"econ_issues","climate_pol","society_issues","foreign_policy","tax_system","-","-","society_issues2","foreign_policy2","tax_system1","econ_issues1","climate_pol2","society_issues2","foreign_policy1","tax_system1",1,"Candidate A","PL",0.777537180635886,"PL153"
"tax_system","econ_issues","climate_pol","foreign_policy","society_issues","tax_system3","-","-","foreign_policy2","-","tax_system3","econ_issues1","-","foreign_policy3","-",2,"Candidate B","PL",1.07868975836257,"PL155"
"tax_system","foreign_policy","econ_issues","climate_pol","society_issues","tax_system1","foreign_policy3","-","-","society_issues3","tax_system3","foreign_policy2","-","climate_pol1","-",1,"Candidate A","PL",1.34674193522472,"PL156"
"climate_pol","society_issues","foreign_policy","econ_issues","tax_system","climate_pol2","society_issues3","-","-","tax_system1","climate_pol2","society_issues2","foreign_policy2","econ_issues1","tax_system3",1,"Candidate A","PL",0.854588762371934,"PL157"
"climate_pol","tax_system","foreign_policy","society_issues","econ_issues","climate_pol2","tax_system1","foreign_policy2","society_issues1","econ_issues2","climate_pol2","tax_system2","foreign_policy2","society_issues1","econ_issues2",1,"Neither of them","PL",0.725349628358873,"PL158"
"society_issues","tax_system","econ_issues","foreign_policy","climate_pol","society_issues3","tax_system3","econ_issues1","-","climate_pol2","society_issues1","-","econ_issues1","foreign_policy1","climate_pol1",2,"Candidate B","PL",0.790303065627187,"PL159"
"econ_issues","climate_pol","foreign_policy","society_issues","tax_system","-","-","foreign_policy1","society_issues2","tax_system3","econ_issues2","-","foreign_policy1","society_issues1","tax_system1",1,"Candidate A","PL",0.663053145797606,"PL160"
"tax_system","society_issues","foreign_policy","climate_pol","econ_issues","-","society_issues2","foreign_policy1","climate_pol1","-","tax_system1","-","foreign_policy1","-","-",2,"Candidate B","PL",1.3511178841376,"PL161"
"tax_system","society_issues","econ_issues","foreign_policy","climate_pol","-","-","econ_issues2","foreign_policy1","climate_pol1","-","society_issues3","econ_issues1","foreign_policy2","-",1,"Candidate A","PL",0.998610726452667,"PL162"
"society_issues","climate_pol","tax_system","econ_issues","foreign_policy","society_issues3","-","-","econ_issues2","foreign_policy2","-","-","-","econ_issues1","foreign_policy1",1,"Candidate A","PL",1.3511178841376,"PL165"
"econ_issues","climate_pol","society_issues","foreign_policy","tax_system","econ_issues2","-","society_issues3","foreign_policy2","tax_system2","econ_issues2","climate_pol2","-","foreign_policy1","-",1,"Neither of them","PL",0.777537180635886,"PL166"
"climate_pol","society_issues","foreign_policy","econ_issues","tax_system","-","-","foreign_policy2","econ_issues1","tax_system3","climate_pol2","-","foreign_policy2","econ_issues2","tax_system3",1,"Candidate A","PL",0.785584602095866,"PL167"
"tax_system","foreign_policy","econ_issues","climate_pol","society_issues","tax_system3","-","econ_issues1","climate_pol1","society_issues2","tax_system1","foreign_policy1","econ_issues2","-","-",1,"Neither of them","PL",1.06210065505059,"PL168"
"tax_system","society_issues","econ_issues","foreign_policy","climate_pol","-","society_issues1","econ_issues1","-","-","-","-","econ_issues2","foreign_policy2","climate_pol2",1,"Candidate A","PL",1.06931524042744,"PL169"
"econ_issues","society_issues","foreign_policy","tax_system","climate_pol","econ_issues1","society_issues3","-","tax_system2","climate_pol1","econ_issues2","society_issues3","foreign_policy2","-","-",1,"Candidate A","PL",0.981444558813614,"PL175"
"society_issues","econ_issues","tax_system","foreign_policy","climate_pol","-","econ_issues1","tax_system1","-","-","-","econ_issues2","tax_system1","-","-",2,"Candidate B","PL",0.984910832470389,"PL176"
"tax_system","econ_issues","society_issues","climate_pol","foreign_policy","-","-","society_issues1","climate_pol1","foreign_policy1","tax_system2","econ_issues2","society_issues3","-","foreign_policy3",2,"Candidate B","PL",0.777537180635886,"PL178"
"foreign_policy","society_issues","tax_system","climate_pol","econ_issues","foreign_policy1","society_issues3","-","climate_pol1","econ_issues2","foreign_policy1","society_issues3","tax_system2","climate_pol1","econ_issues1",2,"Candidate B","PL",1.27349888467371,"PL179"
"foreign_policy","econ_issues","society_issues","climate_pol","tax_system","foreign_policy2","-","society_issues3","climate_pol2","-","foreign_policy1","econ_issues1","-","climate_pol1","-",1,"Neither of them","PL",0.70596529392894,"PL180"
"econ_issues","climate_pol","foreign_policy","society_issues","tax_system","-","climate_pol2","-","society_issues2","tax_system2","econ_issues2","-","foreign_policy2","society_issues1","-",1,"Candidate A","PL",0.942796635906794,"PL181"
"econ_issues","tax_system","climate_pol","society_issues","foreign_policy","-","tax_system1","climate_pol1","society_issues1","foreign_policy2","-","-","-","-","foreign_policy1",1,"Candidate A","PL",0.901584910726597,"PL182"
"climate_pol","tax_system","foreign_policy","econ_issues","society_issues","-","tax_system2","foreign_policy2","-","-","climate_pol2","tax_system2","-","econ_issues1","-",2,"Candidate B","PL",1.14038913710259,"PL183"
"tax_system","society_issues","foreign_policy","econ_issues","climate_pol","tax_system3","society_issues1","foreign_policy1","econ_issues1","climate_pol2","-","society_issues2","foreign_policy2","econ_issues2","climate_pol2",1,"Candidate A","PL",1.08781830760369,"PL186"
"tax_system","climate_pol","econ_issues","society_issues","foreign_policy","tax_system2","climate_pol2","econ_issues1","society_issues2","-","-","climate_pol1","econ_issues2","society_issues1","-",2,"Candidate B","PL",0.883101720156147,"PL188"
"tax_system","econ_issues","climate_pol","society_issues","foreign_policy","-","-","climate_pol2","society_issues1","foreign_policy2","-","-","climate_pol2","society_issues2","foreign_policy1",1,"Neither of them","PL",0.796408499862729,"PL191"
"econ_issues","foreign_policy","tax_system","climate_pol","society_issues","econ_issues1","-","tax_system2","climate_pol1","-","econ_issues1","foreign_policy1","-","climate_pol1","society_issues1",2,"Candidate B","PL",0.872887706753718,"PL192"
"climate_pol","tax_system","econ_issues","society_issues","foreign_policy","climate_pol1","tax_system2","-","society_issues3","foreign_policy2","-","tax_system2","-","society_issues2","-",2,"Candidate B","PL",0.809442521791654,"PL193"
"tax_system","climate_pol","society_issues","foreign_policy","econ_issues","tax_system3","climate_pol2","-","foreign_policy1","econ_issues2","tax_system1","climate_pol1","society_issues1","foreign_policy1","-",1,"Neither of them","PL",1.09877501973677,"PL194"
"econ_issues","climate_pol","tax_system","society_issues","foreign_policy","econ_issues2","climate_pol2","-","society_issues2","foreign_policy1","econ_issues1","climate_pol1","tax_system3","society_issues1","foreign_policy1",1,"Neither of them","PL",0.872887706753718,"PL195"
"climate_pol","tax_system","econ_issues","society_issues","foreign_policy","-","-","econ_issues1","-","foreign_policy1","-","tax_system2","-","society_issues3","-",2,"Candidate B","PL",1.17306948762682,"PL196"
"climate_pol","econ_issues","tax_system","society_issues","foreign_policy","climate_pol2","econ_issues1","tax_system3","-","foreign_policy2","-","econ_issues1","tax_system1","society_issues1","-",2,"Candidate B","PL",0.91781325940956,"PL197"
"econ_issues","foreign_policy","climate_pol","society_issues","tax_system","econ_issues1","foreign_policy2","climate_pol1","-","tax_system1","-","foreign_policy1","climate_pol2","-","-",1,"Candidate A","PL",0.977200807223399,"PL198"
"econ_issues","tax_system","society_issues","climate_pol","foreign_policy","-","tax_system2","-","climate_pol1","-","econ_issues2","tax_system3","society_issues3","climate_pol1","foreign_policy1",2,"Candidate B","PL",0.86462959534073,"PL199"
"tax_system","climate_pol","foreign_policy","econ_issues","society_issues","-","-","foreign_policy3","-","society_issues3","tax_system1","climate_pol1","-","-","society_issues2",2,"Candidate B","PL",1.15038645744048,"PL201"
"tax_system","climate_pol","econ_issues","society_issues","foreign_policy","tax_system2","climate_pol2","econ_issues1","society_issues3","-","tax_system1","-","econ_issues1","society_issues1","foreign_policy2",1,"Neither of them","PL",1.17306948762682,"PL202"
"climate_pol","foreign_policy","tax_system","econ_issues","society_issues","climate_pol2","-","tax_system1","econ_issues2","-","-","foreign_policy2","-","econ_issues2","society_issues1",1,"Candidate A","PL",1.23343587129158,"PL204"
"foreign_policy","society_issues","climate_pol","tax_system","econ_issues","foreign_policy2","society_issues2","-","tax_system1","econ_issues1","foreign_policy1","society_issues3","-","tax_system1","econ_issues1",2,"Candidate B","PL",0.970607705184112,"PL205"
"climate_pol","tax_system","foreign_policy","society_issues","econ_issues","-","-","-","society_issues1","-","climate_pol2","tax_system2","foreign_policy2","-","econ_issues2",2,"Candidate B","PL",1.17306948762682,"PL206"
"society_issues","econ_issues","tax_system","foreign_policy","climate_pol","society_issues2","econ_issues1","tax_system2","foreign_policy2","climate_pol1","-","econ_issues1","tax_system2","foreign_policy2","climate_pol1",1,"Neither of them","PL",0.989758550456721,"PL208"
"econ_issues","foreign_policy","climate_pol","tax_system","society_issues","econ_issues1","foreign_policy1","climate_pol1","tax_system1","society_issues2","econ_issues2","-","climate_pol2","tax_system3","society_issues2",1,"Candidate A","PL",1.24896451897764,"PL209"
"econ_issues","tax_system","foreign_policy","society_issues","climate_pol","econ_issues1","tax_system2","foreign_policy1","-","-","econ_issues2","-","foreign_policy1","society_issues2","climate_pol2",1,"Candidate A","PL",0.809442521791654,"PL210"
"climate_pol","society_issues","econ_issues","tax_system","foreign_policy","climate_pol1","society_issues2","econ_issues1","tax_system1","-","climate_pol1","society_issues2","econ_issues2","tax_system2","-",2,"Candidate B","PL",0.989747443378367,"PL213"
"econ_issues","tax_system","foreign_policy","society_issues","climate_pol","-","tax_system3","foreign_policy2","society_issues2","climate_pol1","econ_issues1","tax_system1","-","-","-",2,"Candidate B","PL",1.05009053291707,"PL215"
"climate_pol","society_issues","tax_system","foreign_policy","econ_issues","climate_pol2","society_issues3","tax_system2","foreign_policy1","-","-","-","tax_system3","foreign_policy3","econ_issues2",1,"Neither of them","PL",1.05378699269636,"PL216"
"econ_issues","society_issues","climate_pol","foreign_policy","tax_system","econ_issues2","society_issues3","climate_pol1","foreign_policy1","tax_system3","-","society_issues3","climate_pol1","-","tax_system2",1,"Candidate A","PL",0.809442521791654,"PL217"
"econ_issues","climate_pol","foreign_policy","society_issues","tax_system","econ_issues1","-","foreign_policy2","society_issues1","tax_system1","econ_issues2","climate_pol2","-","society_issues1","-",2,"Candidate B","PL",0.986544830027596,"PL219"
"society_issues","econ_issues","foreign_policy","climate_pol","tax_system","society_issues3","econ_issues2","foreign_policy1","climate_pol2","-","-","econ_issues1","foreign_policy2","-","tax_system3",1,"Candidate A","PL",1.1848844712865,"PL221"
"climate_pol","tax_system","society_issues","econ_issues","foreign_policy","climate_pol1","-","society_issues1","-","-","climate_pol2","tax_system2","society_issues1","econ_issues1","-",1,"Neither of them","PL",1.02359379335185,"PL223"
"tax_system","econ_issues","foreign_policy","climate_pol","society_issues","-","econ_issues1","foreign_policy2","-","society_issues3","tax_system3","econ_issues1","foreign_policy1","-","-",1,"Neither of them","PL",1.05378699269636,"PL224"
"econ_issues","foreign_policy","society_issues","climate_pol","tax_system","econ_issues1","-","society_issues2","-","tax_system3","econ_issues2","foreign_policy2","society_issues2","climate_pol2","tax_system2",1,"Candidate A","PL",0.996481672547162,"PL226"
"foreign_policy","tax_system","econ_issues","society_issues","climate_pol","foreign_policy3","tax_system1","econ_issues1","-","-","foreign_policy3","tax_system2","econ_issues2","-","-",2,"Candidate B","PL",1.33009370389162,"PL227"
"foreign_policy","tax_system","society_issues","climate_pol","econ_issues","-","tax_system3","society_issues1","climate_pol1","econ_issues1","foreign_policy2","tax_system3","society_issues3","climate_pol2","-",2,"Candidate B","PL",1.16986540943731,"PL228"
"foreign_policy","econ_issues","society_issues","climate_pol","tax_system","-","econ_issues2","-","climate_pol1","-","-","econ_issues2","society_issues3","-","-",2,"Candidate B","PL",0.938731431015189,"PL229"
"climate_pol","society_issues","tax_system","foreign_policy","econ_issues","climate_pol1","society_issues1","tax_system2","foreign_policy2","econ_issues1","climate_pol1","society_issues3","tax_system3","-","econ_issues2",2,"Candidate B","PL",0.734073091188737,"PL230"
"tax_system","society_issues","foreign_policy","econ_issues","climate_pol","tax_system1","-","foreign_policy1","-","climate_pol1","-","society_issues1","foreign_policy2","econ_issues1","climate_pol1",1,"Candidate A","PL",1.20203034243194,"PL231"
"foreign_policy","tax_system","society_issues","climate_pol","econ_issues","-","-","society_issues3","climate_pol1","econ_issues2","foreign_policy1","-","society_issues2","climate_pol2","-",1,"Neither of them","PL",1.16986540943731,"PL232"
"foreign_policy","econ_issues","climate_pol","society_issues","tax_system","-","econ_issues2","climate_pol2","society_issues1","tax_system3","foreign_policy3","econ_issues1","-","-","tax_system3",2,"Candidate B","PL",0.776304191653181,"PL233"
"econ_issues","climate_pol","tax_system","foreign_policy","society_issues","econ_issues1","climate_pol1","tax_system1","-","-","-","-","tax_system2","foreign_policy2","-",1,"Candidate A","PL",0.986544540328653,"PL234"
"climate_pol","econ_issues","tax_system","foreign_policy","society_issues","-","-","tax_system2","-","society_issues2","climate_pol1","econ_issues2","tax_system1","-","society_issues3",2,"Candidate B","PL",0.856006661291568,"PL236"
"foreign_policy","society_issues","tax_system","climate_pol","econ_issues","-","society_issues3","tax_system1","climate_pol1","econ_issues2","foreign_policy3","society_issues3","-","-","econ_issues1",2,"Candidate B","PL",0.938731431015189,"PL237"
"foreign_policy","society_issues","econ_issues","climate_pol","tax_system","foreign_policy1","society_issues1","econ_issues2","climate_pol2","tax_system1","-","society_issues1","econ_issues2","-","tax_system3",1,"Candidate A","PL",1.09877501973677,"PL239"
"climate_pol","econ_issues","foreign_policy","society_issues","tax_system","climate_pol2","econ_issues2","foreign_policy2","society_issues3","tax_system2","climate_pol2","-","-","-","-",1,"Neither of them","PL",0.870503184529965,"PL240"
"society_issues","tax_system","climate_pol","foreign_policy","econ_issues","society_issues1","-","-","foreign_policy1","-","society_issues2","tax_system2","-","-","-",1,"Candidate A","PL",0.986544830027596,"PL241"
"foreign_policy","climate_pol","econ_issues","tax_system","society_issues","foreign_policy3","-","-","tax_system2","society_issues3","-","climate_pol2","-","-","society_issues1",1,"Neither of them","PL",1.16986540943731,"PL243"
"econ_issues","tax_system","foreign_policy","society_issues","climate_pol","econ_issues2","tax_system1","-","society_issues3","climate_pol1","econ_issues2","-","foreign_policy1","society_issues3","climate_pol2",1,"Neither of them","PL",1.27561141579667,"PL247"
"society_issues","tax_system","climate_pol","foreign_policy","econ_issues","society_issues1","tax_system1","-","foreign_policy2","econ_issues1","society_issues2","tax_system2","climate_pol2","foreign_policy2","econ_issues1",2,"Candidate B","PL",1.2062749317969,"PL248"
"climate_pol","econ_issues","tax_system","foreign_policy","society_issues","-","-","tax_system1","foreign_policy2","society_issues3","climate_pol1","econ_issues2","tax_system1","foreign_policy1","society_issues2",1,"Candidate A","PL",0.861602596915722,"PL250"
"tax_system","society_issues","econ_issues","foreign_policy","climate_pol","-","society_issues2","-","foreign_policy2","climate_pol1","tax_system1","society_issues3","-","-","-",2,"Candidate B","PL",1.26154358055861,"PL252"
"climate_pol","tax_system","society_issues","econ_issues","foreign_policy","climate_pol2","-","society_issues3","econ_issues1","foreign_policy1","climate_pol2","tax_system3","society_issues2","econ_issues1","-",2,"Candidate B","PL",0.872887706753718,"PL253"
"tax_system","econ_issues","society_issues","climate_pol","foreign_policy","tax_system2","econ_issues1","society_issues1","climate_pol2","foreign_policy2","tax_system2","-","society_issues2","-","foreign_policy2",2,"Candidate B","PL",0.977200807223399,"PL254"
"society_issues","econ_issues","climate_pol","foreign_policy","tax_system","-","econ_issues2","climate_pol2","-","tax_system2","society_issues1","-","-","foreign_policy1","tax_system1",2,"Candidate B","PL",1.36256184969336,"PL255"
"foreign_policy","econ_issues","society_issues","tax_system","climate_pol","foreign_policy2","econ_issues2","society_issues2","tax_system1","climate_pol1","foreign_policy3","-","-","-","-",2,"Candidate B","PL",1.17306948762682,"PL257"
"foreign_policy","climate_pol","society_issues","econ_issues","tax_system","-","climate_pol1","society_issues1","econ_issues2","tax_system3","-","climate_pol2","society_issues3","econ_issues2","tax_system1",1,"Candidate A","PL",0.926116389909184,"PL259"
"climate_pol","econ_issues","tax_system","foreign_policy","society_issues","climate_pol1","econ_issues2","tax_system2","foreign_policy1","-","climate_pol1","-","tax_system1","-","society_issues3",2,"Candidate B","PL",0.809442521791654,"PL260"
"climate_pol","tax_system","econ_issues","foreign_policy","society_issues","-","tax_system3","econ_issues2","foreign_policy2","-","-","tax_system1","-","foreign_policy2","society_issues1",1,"Candidate A","PL",0.88622058241047,"PL261"
"tax_system","foreign_policy","econ_issues","society_issues","climate_pol","tax_system3","foreign_policy2","econ_issues1","society_issues1","-","tax_system2","foreign_policy2","econ_issues1","society_issues3","climate_pol2",2,"Candidate B","PL",0.861821707147065,"PL262"
"climate_pol","society_issues","econ_issues","foreign_policy","tax_system","climate_pol2","society_issues3","econ_issues1","foreign_policy2","-","climate_pol2","society_issues2","econ_issues2","-","tax_system3",1,"Neither of them","PL",0.970607705184112,"PL264"
"climate_pol","econ_issues","foreign_policy","tax_system","society_issues","climate_pol1","econ_issues2","foreign_policy2","tax_system3","society_issues3","climate_pol2","econ_issues2","foreign_policy2","tax_system3","society_issues2",1,"Candidate A","PL",0.803980693711653,"PL265"
"foreign_policy","econ_issues","society_issues","climate_pol","tax_system","foreign_policy1","econ_issues2","-","climate_pol2","tax_system1","-","-","-","climate_pol1","-",2,"Candidate B","PL",0.986544540328653,"PL266"
"foreign_policy","society_issues","climate_pol","econ_issues","tax_system","foreign_policy1","-","-","econ_issues1","-","-","-","-","econ_issues1","-",1,"Neither of them","PL",1.0199917483252,"PL267"
"foreign_policy","climate_pol","econ_issues","society_issues","tax_system","foreign_policy2","-","-","society_issues2","tax_system1","-","climate_pol2","-","-","tax_system3",1,"Candidate A","PL",0.734073091188737,"PL269"
"climate_pol","econ_issues","society_issues","tax_system","foreign_policy","-","-","-","-","-","-","-","-","-","-",1,"Candidate A","PL",0.91781325940956,"PL271"
"climate_pol","econ_issues","tax_system","foreign_policy","society_issues","climate_pol1","econ_issues2","-","foreign_policy1","-","climate_pol2","-","tax_system1","-","society_issues2",2,"Candidate B","PL",0.86462959534073,"PL272"
"econ_issues","climate_pol","tax_system","society_issues","foreign_policy","-","climate_pol1","tax_system1","society_issues1","-","-","climate_pol1","tax_system1","society_issues3","foreign_policy1",1,"Candidate A","PL",1.08781830760369,"PL276"
"climate_pol","econ_issues","foreign_policy","tax_system","society_issues","climate_pol1","econ_issues1","-","tax_system2","society_issues2","climate_pol1","-","foreign_policy1","-","society_issues3",2,"Candidate B","PL",1.11861162086607,"PL279"
"society_issues","econ_issues","tax_system","climate_pol","foreign_policy","society_issues1","econ_issues1","tax_system2","climate_pol2","foreign_policy1","society_issues3","-","tax_system1","climate_pol2","foreign_policy2",1,"Candidate A","PL",0.734073091188737,"PL281"
"foreign_policy","econ_issues","climate_pol","society_issues","tax_system","foreign_policy3","econ_issues2","-","-","tax_system1","foreign_policy2","-","-","society_issues2","tax_system2",1,"Candidate A","PL",0.832359603927682,"PL282"
"foreign_policy","society_issues","tax_system","econ_issues","climate_pol","-","society_issues2","tax_system1","econ_issues1","climate_pol2","foreign_policy2","society_issues1","tax_system1","econ_issues1","climate_pol1",2,"Candidate B","PL",0.739060515501885,"PL283"
"climate_pol","tax_system","econ_issues","foreign_policy","society_issues","climate_pol2","tax_system2","econ_issues2","foreign_policy1","society_issues2","-","tax_system1","-","foreign_policy1","society_issues2",2,"Candidate B","PL",0.817596668486987,"PL289"
"econ_issues","society_issues","foreign_policy","tax_system","climate_pol","-","-","foreign_policy2","-","climate_pol1","-","society_issues1","-","-","climate_pol1",1,"Candidate A","PL",0.817596668486987,"PL290"
"tax_system","econ_issues","climate_pol","society_issues","foreign_policy","tax_system1","econ_issues1","climate_pol1","society_issues3","foreign_policy2","tax_system2","econ_issues1","-","society_issues2","foreign_policy1",2,"Candidate B","PL",1.15038645744048,"PL293"
"foreign_policy","society_issues","econ_issues","climate_pol","tax_system","-","society_issues3","-","climate_pol1","tax_system3","foreign_policy2","society_issues3","econ_issues1","-","-",1,"Candidate A","PL",1.22052732347262,"PL294"
"climate_pol","society_issues","econ_issues","foreign_policy","tax_system","-","-","econ_issues2","-","tax_system2","climate_pol1","society_issues3","-","foreign_policy2","tax_system2",1,"Neither of them","PL",1.15038645744048,"PL295"
"society_issues","econ_issues","climate_pol","foreign_policy","tax_system","society_issues1","econ_issues1","climate_pol1","-","tax_system2","society_issues1","-","climate_pol1","foreign_policy2","tax_system2",1,"Candidate A","PL",1.16986540943731,"PL296"
"climate_pol","tax_system","econ_issues","foreign_policy","society_issues","-","tax_system1","econ_issues1","-","society_issues2","-","tax_system1","econ_issues2","foreign_policy1","society_issues2",1,"Candidate A","PL",0.86462959534073,"PL297"
"foreign_policy","econ_issues","tax_system","society_issues","climate_pol","foreign_policy2","-","tax_system3","society_issues3","climate_pol1","foreign_policy2","-","tax_system3","-","climate_pol1",2,"Candidate B","PL",0.803980693711653,"PL299"
"climate_pol","econ_issues","foreign_policy","society_issues","tax_system","-","econ_issues2","foreign_policy2","-","tax_system2","climate_pol2","econ_issues2","-","society_issues1","tax_system2",2,"Candidate B","PL",1.05378699269636,"PL304"
"foreign_policy","society_issues","econ_issues","tax_system","climate_pol","foreign_policy2","society_issues3","econ_issues2","tax_system2","climate_pol2","-","society_issues1","econ_issues1","tax_system3","-",2,"Candidate B","PL",1.1848844712865,"PL305"
"climate_pol","foreign_policy","econ_issues","tax_system","society_issues","climate_pol1","-","econ_issues1","tax_system3","society_issues3","climate_pol1","-","-","tax_system2","society_issues1",2,"Candidate B","PL",0.977200807223399,"PL309"
"foreign_policy","econ_issues","climate_pol","society_issues","tax_system","-","econ_issues1","-","society_issues1","-","foreign_policy1","-","-","society_issues3","-",1,"Candidate A","PL",0.989747443378367,"PL310"
"foreign_policy","econ_issues","tax_system","climate_pol","society_issues","-","-","-","climate_pol1","society_issues3","foreign_policy1","econ_issues1","-","climate_pol2","society_issues1",2,"Candidate B","PL",1.1848844712865,"PL312"
"tax_system","foreign_policy","society_issues","econ_issues","climate_pol","tax_system1","-","society_issues3","econ_issues1","climate_pol2","-","-","-","econ_issues2","climate_pol2",2,"Candidate B","PL",0.970607705184112,"PL313"
"society_issues","tax_system","foreign_policy","climate_pol","econ_issues","society_issues2","tax_system2","-","climate_pol1","-","society_issues2","tax_system2","foreign_policy1","climate_pol2","econ_issues2",1,"Neither of them","PL",0.856006661291568,"PL314"
"foreign_policy","tax_system","econ_issues","climate_pol","society_issues","-","-","econ_issues2","-","society_issues2","-","-","-","climate_pol1","-",1,"Candidate A","PL",0.993246133337266,"PL316"
"tax_system","society_issues","econ_issues","foreign_policy","climate_pol","tax_system3","-","econ_issues2","foreign_policy2","climate_pol1","-","-","econ_issues1","-","climate_pol1",1,"Candidate A","PL",0.734073306786962,"PL317"
"foreign_policy","tax_system","econ_issues","climate_pol","society_issues","-","tax_system3","econ_issues1","climate_pol1","society_issues3","foreign_policy2","tax_system2","econ_issues1","climate_pol2","society_issues3",1,"Neither of them","PL",0.734073306786962,"PL319"
"climate_pol","econ_issues","society_issues","foreign_policy","tax_system","climate_pol1","econ_issues1","-","foreign_policy1","-","-","econ_issues2","society_issues1","-","tax_system3",1,"Candidate A","PL",0.86462959534073,"PL320"
"tax_system","econ_issues","society_issues","foreign_policy","climate_pol","tax_system2","econ_issues1","society_issues2","-","climate_pol1","tax_system2","econ_issues2","society_issues2","foreign_policy2","-",1,"Candidate A","PL",1.09877501973677,"PL321"
"tax_system","society_issues","foreign_policy","econ_issues","climate_pol","tax_system2","society_issues3","-","-","-","tax_system3","society_issues2","-","econ_issues1","climate_pol1",1,"Candidate A","PL",1.33009370389162,"PL322"
"climate_pol","tax_system","foreign_policy","society_issues","econ_issues","climate_pol1","tax_system2","foreign_policy2","society_issues3","econ_issues2","-","tax_system3","-","society_issues1","econ_issues1",1,"Neither of them","PL",1.08781830760369,"PL323"
"society_issues","tax_system","econ_issues","foreign_policy","climate_pol","society_issues3","-","econ_issues1","foreign_policy1","-","society_issues2","tax_system2","econ_issues1","-","climate_pol2",2,"Candidate B","PL",1.28845874665914,"PL324"
"society_issues","tax_system","econ_issues","foreign_policy","climate_pol","society_issues3","tax_system2","econ_issues2","foreign_policy3","-","society_issues2","tax_system2","econ_issues2","foreign_policy2","climate_pol1",2,"Candidate B","PL",1.26154358055861,"PL325"
"tax_system","society_issues","econ_issues","climate_pol","foreign_policy","tax_system2","-","-","-","foreign_policy2","tax_system2","society_issues1","-","climate_pol2","-",1,"Neither of them","PL",0.989747443378367,"PL326"
"foreign_policy","climate_pol","society_issues","tax_system","econ_issues","foreign_policy1","-","-","tax_system2","-","foreign_policy2","climate_pol1","society_issues3","tax_system3","-",2,"Candidate B","PL",0.746506086996646,"PL327"
"tax_system","climate_pol","econ_issues","society_issues","foreign_policy","tax_system2","-","econ_issues1","society_issues1","foreign_policy2","tax_system2","climate_pol2","-","society_issues2","-",1,"Candidate A","PL",0.870503184529965,"PL329"
"tax_system","climate_pol","society_issues","foreign_policy","econ_issues","tax_system3","climate_pol1","society_issues2","-","econ_issues1","tax_system2","climate_pol1","society_issues3","foreign_policy2","econ_issues1",1,"Neither of them","PL",1.26700598900225,"PL334"
"foreign_policy","society_issues","tax_system","econ_issues","climate_pol","foreign_policy2","society_issues3","tax_system3","econ_issues2","climate_pol1","foreign_policy2","society_issues1","-","-","-",2,"Candidate B","PL",0.867455635028257,"PL335"
"society_issues","tax_system","foreign_policy","climate_pol","econ_issues","-","tax_system1","-","climate_pol1","-","society_issues2","tax_system3","foreign_policy1","climate_pol1","econ_issues2",1,"Neither of them","PL",0.741468669249588,"PL336"
"tax_system","society_issues","climate_pol","econ_issues","foreign_policy","tax_system1","society_issues1","climate_pol1","econ_issues1","foreign_policy1","-","society_issues3","-","econ_issues2","foreign_policy3",2,"Candidate B","PL",1.37557298299594,"PL339"
"tax_system","econ_issues","society_issues","climate_pol","foreign_policy","tax_system2","-","society_issues3","climate_pol2","-","tax_system2","econ_issues1","society_issues2","-","foreign_policy1",1,"Candidate A","PL",1.02359379335185,"PL341"
"tax_system","climate_pol","econ_issues","society_issues","foreign_policy","tax_system2","climate_pol2","econ_issues2","society_issues1","foreign_policy1","-","-","econ_issues1","-","foreign_policy2",2,"Candidate B","PL",0.986544830027596,"PL342"
"climate_pol","tax_system","foreign_policy","econ_issues","society_issues","-","tax_system3","foreign_policy3","-","-","-","tax_system1","foreign_policy2","econ_issues1","society_issues3",1,"Neither of them","PL",0.796992470650999,"PL343"
"climate_pol","foreign_policy","society_issues","tax_system","econ_issues","climate_pol1","foreign_policy1","-","-","econ_issues1","-","foreign_policy1","society_issues1","-","econ_issues1",2,"Candidate B","PL",0.993246133337266,"PL344"
"society_issues","tax_system","foreign_policy","climate_pol","econ_issues","-","tax_system3","foreign_policy2","climate_pol2","econ_issues2","society_issues3","tax_system1","foreign_policy2","climate_pol1","econ_issues1",2,"Candidate B","PL",1.01034272939476,"PL346"
"econ_issues","climate_pol","tax_system","foreign_policy","society_issues","econ_issues2","climate_pol1","tax_system2","-","-","econ_issues1","-","-","foreign_policy2","society_issues1",2,"Candidate B","PL",0.935445157986617,"PL347"
"climate_pol","tax_system","society_issues","foreign_policy","econ_issues","climate_pol2","-","-","-","econ_issues2","-","tax_system1","society_issues3","foreign_policy1","econ_issues2",2,"Candidate B","PL",0.746506086996646,"PL348"
"econ_issues","tax_system","foreign_policy","society_issues","climate_pol","econ_issues1","-","-","-","climate_pol1","-","-","foreign_policy2","society_issues1","climate_pol2",1,"Neither of them","PL",1.01061831708269,"PL351"
"society_issues","foreign_policy","climate_pol","econ_issues","tax_system","society_issues1","-","climate_pol1","-","tax_system3","-","foreign_policy3","-","econ_issues1","tax_system1",1,"Candidate A","PL",1.16061808336549,"PL352"
"foreign_policy","society_issues","climate_pol","tax_system","econ_issues","-","-","climate_pol2","tax_system1","econ_issues2","foreign_policy2","society_issues3","-","-","econ_issues1",2,"Candidate B","PL",0.935445157986617,"PL353"
"climate_pol","econ_issues","foreign_policy","society_issues","tax_system","climate_pol1","econ_issues1","foreign_policy2","-","tax_system3","climate_pol2","econ_issues2","-","society_issues3","tax_system1",2,"Candidate B","PL",0.838014103783025,"PL354"
"econ_issues","foreign_policy","climate_pol","tax_system","society_issues","-","foreign_policy1","climate_pol2","tax_system1","society_issues3","econ_issues2","foreign_policy1","-","-","society_issues3",1,"Neither of them","PL",1.16061808336549,"PL356"
"econ_issues","society_issues","tax_system","climate_pol","foreign_policy","econ_issues1","society_issues2","tax_system1","-","foreign_policy2","econ_issues1","society_issues3","tax_system3","-","foreign_policy1",1,"Neither of them","PL",0.942796635906794,"PL357"
"society_issues","tax_system","foreign_policy","econ_issues","climate_pol","society_issues2","tax_system3","-","econ_issues1","climate_pol1","society_issues2","tax_system3","-","econ_issues1","climate_pol1",2,"Candidate B","PL",0.942796635906794,"PL359"
"society_issues","econ_issues","tax_system","climate_pol","foreign_policy","society_issues2","-","tax_system3","climate_pol1","foreign_policy1","society_issues2","econ_issues2","-","climate_pol1","foreign_policy2",1,"Candidate A","PL",0.958762094415625,"PL360"
"society_issues","tax_system","foreign_policy","climate_pol","econ_issues","society_issues2","tax_system3","foreign_policy1","-","econ_issues1","society_issues1","tax_system1","foreign_policy2","climate_pol2","econ_issues2",1,"Candidate A","PL",1.13817571687669,"PL362"
"climate_pol","foreign_policy","econ_issues","society_issues","tax_system","climate_pol2","foreign_policy1","econ_issues1","-","tax_system1","-","foreign_policy1","econ_issues1","society_issues1","tax_system2",2,"Candidate B","PL",1.0139107161355,"PL363"
"climate_pol","tax_system","foreign_policy","econ_issues","society_issues","climate_pol2","-","-","econ_issues2","society_issues2","climate_pol2","tax_system3","foreign_policy2","-","society_issues3",2,"Candidate B","PL",1.00379986487014,"PL365"
"econ_issues","society_issues","climate_pol","tax_system","foreign_policy","econ_issues1","society_issues1","climate_pol2","tax_system2","foreign_policy1","econ_issues2","society_issues3","-","tax_system1","foreign_policy1",1,"Candidate A","PL",0.781578346329852,"PL367"
"econ_issues","foreign_policy","climate_pol","society_issues","tax_system","-","foreign_policy3","-","-","tax_system1","econ_issues2","-","climate_pol1","society_issues3","-",1,"Candidate A","PL",1.11804059685976,"PL368"
"society_issues","climate_pol","foreign_policy","econ_issues","tax_system","society_issues2","climate_pol1","-","econ_issues2","tax_system1","-","climate_pol1","foreign_policy2","econ_issues2","tax_system2",1,"Neither of them","PL",0.90820652782246,"PL370"
"foreign_policy","society_issues","tax_system","climate_pol","econ_issues","foreign_policy1","-","tax_system1","-","-","-","society_issues1","tax_system3","climate_pol1","econ_issues2",1,"Candidate A","PL",1.0139107161355,"PL371"
"tax_system","econ_issues","society_issues","climate_pol","foreign_policy","-","-","society_issues2","climate_pol1","foreign_policy2","-","-","society_issues1","climate_pol1","-",1,"Candidate A","PL",1.0302656123785,"PL372"
"climate_pol","foreign_policy","tax_system","society_issues","econ_issues","-","foreign_policy1","tax_system3","society_issues1","-","climate_pol1","foreign_policy2","tax_system1","society_issues1","econ_issues1",1,"Neither of them","PL",1.0898221945105,"PL375"
"foreign_policy","society_issues","econ_issues","climate_pol","tax_system","foreign_policy1","-","econ_issues1","-","-","foreign_policy2","-","econ_issues2","climate_pol2","tax_system2",2,"Candidate B","PL",0.942796635906794,"PL378"
"tax_system","foreign_policy","climate_pol","econ_issues","society_issues","tax_system1","foreign_policy1","climate_pol1","-","society_issues2","tax_system3","foreign_policy1","-","econ_issues2","society_issues2",1,"Neither of them","PL",0.952293333392273,"PL379"
"foreign_policy","society_issues","tax_system","climate_pol","econ_issues","foreign_policy3","-","tax_system3","-","econ_issues2","foreign_policy2","society_issues1","tax_system3","climate_pol1","econ_issues2",2,"Candidate B","PL",1.02359379335185,"PL380"
"foreign_policy","society_issues","tax_system","climate_pol","econ_issues","foreign_policy1","society_issues3","-","-","econ_issues1","foreign_policy1","-","-","climate_pol2","econ_issues1",1,"Candidate A","PL",1.0139107161355,"PL381"
"tax_system","society_issues","econ_issues","foreign_policy","climate_pol","tax_system3","society_issues2","-","foreign_policy1","climate_pol2","tax_system1","society_issues1","econ_issues1","foreign_policy1","climate_pol2",1,"Neither of them","PL",1.02359379335185,"PL382"
"society_issues","econ_issues","climate_pol","foreign_policy","tax_system","-","econ_issues1","-","foreign_policy3","tax_system2","-","-","climate_pol2","foreign_policy1","tax_system2",1,"Neither of them","PL",1.23570787931699,"PL383"
"climate_pol","econ_issues","society_issues","foreign_policy","tax_system","-","econ_issues2","society_issues3","foreign_policy2","tax_system2","climate_pol2","econ_issues2","society_issues3","foreign_policy2","tax_system1",1,"Candidate A","PL",1.1341706528692,"PL384"
"econ_issues","foreign_policy","society_issues","tax_system","climate_pol","-","foreign_policy2","society_issues3","tax_system2","-","-","foreign_policy1","society_issues3","-","-",1,"Neither of them","PL",1.02979194122071,"PL385"
"foreign_policy","climate_pol","econ_issues","society_issues","tax_system","foreign_policy2","climate_pol1","econ_issues2","society_issues1","-","foreign_policy2","climate_pol1","econ_issues2","-","tax_system3",2,"Candidate B","PL",1.15653408282603,"PL388"
"econ_issues","society_issues","foreign_policy","climate_pol","tax_system","-","society_issues2","-","climate_pol2","tax_system3","econ_issues2","society_issues2","foreign_policy2","climate_pol1","tax_system2",1,"Candidate A","PL",0.781578346329852,"PL389"
"tax_system","society_issues","climate_pol","foreign_policy","econ_issues","-","society_issues2","-","foreign_policy2","-","tax_system1","society_issues2","climate_pol1","foreign_policy1","-",2,"Candidate B","PL",0.942796635906794,"PL390"
"econ_issues","foreign_policy","society_issues","tax_system","climate_pol","econ_issues1","foreign_policy1","society_issues2","-","climate_pol2","econ_issues1","foreign_policy2","-","tax_system2","climate_pol2",1,"Neither of them","PL",0.995972965051012,"PL391"
"climate_pol","tax_system","foreign_policy","society_issues","econ_issues","-","-","foreign_policy1","society_issues2","-","climate_pol1","tax_system1","foreign_policy1","-","econ_issues1",1,"Neither of them","PL",1.08598720433931,"PL392"
"climate_pol","foreign_policy","tax_system","society_issues","econ_issues","climate_pol1","foreign_policy2","-","society_issues1","econ_issues1","climate_pol1","foreign_policy1","tax_system3","society_issues3","econ_issues1",2,"Candidate B","PL",0.796992470650999,"PL393"
"foreign_policy","tax_system","econ_issues","society_issues","climate_pol","foreign_policy1","tax_system2","econ_issues2","society_issues3","climate_pol2","-","tax_system2","-","society_issues3","climate_pol2",1,"Neither of them","PL",1.1341706528692,"PL396"
"society_issues","foreign_policy","econ_issues","tax_system","climate_pol","society_issues3","foreign_policy1","econ_issues1","tax_system3","climate_pol1","society_issues3","foreign_policy1","econ_issues1","tax_system3","-",1,"Candidate A","PL",1.09692548172704,"PL397"
"tax_system","society_issues","foreign_policy","econ_issues","climate_pol","tax_system2","society_issues3","-","econ_issues1","climate_pol1","-","society_issues2","foreign_policy2","econ_issues2","-",2,"Candidate B","PL",0.741468669249588,"PL400"
"foreign_policy","climate_pol","econ_issues","society_issues","tax_system","-","climate_pol2","-","society_issues3","tax_system3","foreign_policy1","climate_pol1","econ_issues1","society_issues1","-",2,"Candidate B","PL",1.16061808336549,"PL401"
"tax_system","climate_pol","foreign_policy","society_issues","econ_issues","-","-","foreign_policy1","society_issues3","econ_issues1","-","climate_pol2","foreign_policy1","society_issues2","econ_issues1",1,"Candidate A","PL",1.06901022389933,"PL404"
"econ_issues","foreign_policy","tax_system","society_issues","climate_pol","econ_issues2","foreign_policy1","tax_system3","society_issues3","climate_pol2","econ_issues1","foreign_policy2","-","society_issues2","climate_pol2",1,"Neither of them","PL",1.0302656123785,"PL406"
"econ_issues","foreign_policy","society_issues","tax_system","climate_pol","econ_issues1","foreign_policy2","-","-","climate_pol1","econ_issues1","-","society_issues1","tax_system1","climate_pol1",1,"Neither of them","PL",0.942796635906794,"PL407"
"climate_pol","society_issues","tax_system","foreign_policy","econ_issues","climate_pol1","society_issues2","tax_system2","-","econ_issues2","-","society_issues2","-","-","-",1,"Neither of them","PL",0.90820652782246,"PL409"
"foreign_policy","climate_pol","econ_issues","tax_system","society_issues","foreign_policy1","climate_pol1","-","tax_system1","society_issues2","foreign_policy1","climate_pol1","econ_issues1","tax_system1","society_issues2",2,"Candidate B","PL",1.02979194122071,"PL410"
"foreign_policy","climate_pol","society_issues","econ_issues","tax_system","-","-","society_issues3","-","tax_system1","-","climate_pol2","society_issues3","-","-",1,"Candidate A","PL",1.0139107161355,"PL412"
"econ_issues","climate_pol","foreign_policy","tax_system","society_issues","-","climate_pol1","-","tax_system2","society_issues3","econ_issues1","-","-","tax_system3","society_issues2",1,"Candidate A","PL",1.02979194122071,"PL413"
"climate_pol","tax_system","foreign_policy","econ_issues","society_issues","-","-","-","econ_issues1","society_issues3","climate_pol1","tax_system1","-","econ_issues1","society_issues2",1,"Candidate A","PL",1.0339039212162,"PL414"
"tax_system","foreign_policy","econ_issues","society_issues","climate_pol","tax_system2","foreign_policy2","-","society_issues1","-","tax_system2","-","-","-","climate_pol1",1,"Neither of them","PL",1.11804059685976,"PL415"
"climate_pol","econ_issues","society_issues","foreign_policy","tax_system","climate_pol2","-","society_issues3","foreign_policy1","-","-","econ_issues2","society_issues3","foreign_policy3","tax_system2",1,"Candidate A","PL",1.13817571687669,"PL416"
"econ_issues","society_issues","foreign_policy","climate_pol","tax_system","-","society_issues1","foreign_policy1","climate_pol2","tax_system1","econ_issues2","society_issues3","-","-","tax_system3",1,"Neither of them","PL",1.05009815224323,"PL419"
"climate_pol","econ_issues","foreign_policy","society_issues","tax_system","-","econ_issues2","foreign_policy1","society_issues3","-","climate_pol2","econ_issues1","-","-","-",1,"Candidate A","PL",1.10079908089893,"PL422"
"econ_issues","foreign_policy","tax_system","climate_pol","society_issues","econ_issues1","foreign_policy2","tax_system2","-","society_issues2","econ_issues2","foreign_policy3","tax_system1","-","-",1,"Candidate A","PL",1.06524843566895,"PL423"
"tax_system","climate_pol","foreign_policy","society_issues","econ_issues","tax_system2","climate_pol1","foreign_policy2","society_issues1","econ_issues1","tax_system3","climate_pol2","foreign_policy1","society_issues3","-",2,"Candidate B","PL",1.01034272939476,"PL425"
"tax_system","climate_pol","foreign_policy","econ_issues","society_issues","tax_system2","climate_pol2","foreign_policy1","econ_issues1","society_issues1","tax_system1","climate_pol2","foreign_policy1","-","-",1,"Candidate A","PL",1.0339039212162,"PL426"
"climate_pol","foreign_policy","tax_system","society_issues","econ_issues","climate_pol2","foreign_policy1","tax_system1","society_issues1","-","-","foreign_policy1","-","society_issues1","econ_issues2",1,"Candidate A","PL",0.861602596915722,"PL428"
"society_issues","climate_pol","econ_issues","foreign_policy","tax_system","society_issues3","climate_pol1","econ_issues2","-","tax_system2","-","-","econ_issues1","foreign_policy1","tax_system3",2,"Candidate B","PL",1.01034272939476,"PL429"
"society_issues","econ_issues","foreign_policy","climate_pol","tax_system","society_issues3","econ_issues2","foreign_policy2","climate_pol2","tax_system3","society_issues3","-","foreign_policy2","climate_pol1","tax_system3",2,"Candidate B","PL",1.01034272939476,"PL432"
"tax_system","foreign_policy","society_issues","econ_issues","climate_pol","tax_system1","-","society_issues1","econ_issues2","-","tax_system3","foreign_policy1","society_issues3","econ_issues1","climate_pol1",2,"Candidate B","PL",1.05009815224323,"PL433"
"econ_issues","tax_system","foreign_policy","climate_pol","society_issues","-","tax_system1","foreign_policy2","climate_pol1","-","-","tax_system3","foreign_policy2","-","society_issues2",1,"Candidate A","PL",1.1341706528692,"PL434"
"econ_issues","tax_system","society_issues","climate_pol","foreign_policy","econ_issues2","tax_system1","society_issues2","climate_pol2","-","econ_issues1","tax_system2","-","climate_pol2","-",1,"Candidate A","PL",1.0339039212162,"PL436"
"society_issues","tax_system","climate_pol","foreign_policy","econ_issues","society_issues1","-","-","-","econ_issues1","society_issues1","tax_system1","climate_pol2","foreign_policy1","econ_issues2",1,"Candidate A","PL",0.923586542793619,"PL437"
"foreign_policy","econ_issues","climate_pol","society_issues","tax_system","-","econ_issues1","climate_pol2","society_issues2","tax_system2","-","-","climate_pol2","-","tax_system3",1,"Neither of them","PL",0.57210367291559,"PL439"
"econ_issues","society_issues","climate_pol","tax_system","foreign_policy","econ_issues1","society_issues3","-","tax_system1","foreign_policy1","econ_issues1","society_issues3","-","-","-",2,"Candidate B","PL",0.775018235714413,"PL441"
"econ_issues","society_issues","climate_pol","tax_system","foreign_policy","-","-","climate_pol1","tax_system2","-","econ_issues2","society_issues1","climate_pol1","tax_system2","foreign_policy1",2,"Candidate B","PL",1.02079781353734,"PL443"
"tax_system","climate_pol","foreign_policy","econ_issues","society_issues","tax_system2","climate_pol1","foreign_policy1","econ_issues1","society_issues1","-","climate_pol2","-","econ_issues2","-",2,"Candidate B","PL",1.00894446721406,"PL444"
"society_issues","climate_pol","foreign_policy","tax_system","econ_issues","society_issues2","climate_pol2","foreign_policy2","tax_system3","-","society_issues3","climate_pol2","foreign_policy1","tax_system1","econ_issues1",1,"Neither of them","PL",0.709669034297097,"PL445"
"tax_system","climate_pol","foreign_policy","society_issues","econ_issues","tax_system3","climate_pol1","foreign_policy1","society_issues2","-","-","-","foreign_policy1","society_issues2","econ_issues1",2,"Candidate B","PL",0.746506086996646,"PL447"
"climate_pol","foreign_policy","econ_issues","tax_system","society_issues","-","foreign_policy1","-","tax_system3","society_issues2","-","foreign_policy1","econ_issues2","-","society_issues1",2,"Candidate B","PL",1.0302656123785,"PL449"
"society_issues","foreign_policy","climate_pol","tax_system","econ_issues","society_issues2","-","-","tax_system1","econ_issues1","society_issues3","foreign_policy1","climate_pol2","-","econ_issues1",2,"Candidate B","PL",1.02359379335185,"PL450"
"foreign_policy","econ_issues","tax_system","society_issues","climate_pol","foreign_policy2","-","tax_system3","-","-","foreign_policy1","econ_issues2","tax_system3","-","-",1,"Candidate A","PL",0.851596895775493,"PL451"
"climate_pol","tax_system","econ_issues","society_issues","foreign_policy","-","tax_system3","econ_issues2","-","-","climate_pol1","-","econ_issues1","society_issues2","-",2,"Candidate B","PL",1.35335912224029,"PL452"
"climate_pol","econ_issues","foreign_policy","tax_system","society_issues","-","-","foreign_policy3","tax_system1","society_issues3","climate_pol1","econ_issues2","foreign_policy1","tax_system1","society_issues2",1,"Candidate A","PL",1.45941089623601,"PL453"
"tax_system","foreign_policy","society_issues","econ_issues","climate_pol","-","foreign_policy2","society_issues2","econ_issues2","climate_pol2","tax_system2","-","-","econ_issues1","climate_pol2",2,"Candidate B","PL",0.935445157986617,"PL455"
"climate_pol","foreign_policy","tax_system","society_issues","econ_issues","climate_pol1","foreign_policy1","tax_system2","society_issues1","econ_issues2","-","foreign_policy2","-","society_issues3","econ_issues1",1,"Candidate A","PL",1.38453789412771,"PL456"
"society_issues","foreign_policy","econ_issues","tax_system","climate_pol","society_issues3","foreign_policy2","econ_issues1","tax_system3","climate_pol2","-","foreign_policy2","econ_issues1","tax_system3","climate_pol2",2,"Candidate B","PL",1.45699409535276,"PL457"
"foreign_policy","econ_issues","climate_pol","tax_system","society_issues","foreign_policy2","econ_issues2","climate_pol2","tax_system1","society_issues2","foreign_policy2","econ_issues2","-","tax_system1","society_issues2",2,"Candidate B","PL",1.65474774307674,"PL458"
"tax_system","society_issues","climate_pol","econ_issues","foreign_policy","-","-","climate_pol2","econ_issues2","foreign_policy2","tax_system2","society_issues2","-","econ_issues1","foreign_policy1",2,"Candidate B","PL",1.25712782144731,"PL459"
"foreign_policy","tax_system","society_issues","climate_pol","econ_issues","foreign_policy1","tax_system2","society_issues2","-","econ_issues2","foreign_policy1","tax_system3","society_issues3","climate_pol1","-",2,"Candidate B","PL",1.36846292216737,"PL460"
"tax_system","climate_pol","society_issues","econ_issues","foreign_policy","tax_system2","climate_pol1","society_issues1","econ_issues1","-","tax_system1","climate_pol1","society_issues3","econ_issues1","foreign_policy2",1,"Candidate A","PL",1.05009053291707,"PL463"
"foreign_policy","climate_pol","tax_system","econ_issues","society_issues","foreign_policy1","climate_pol2","tax_system1","econ_issues1","society_issues2","foreign_policy2","climate_pol1","tax_system2","econ_issues1","society_issues2",1,"Neither of them","PL",1.27979827944015,"PL464"
"tax_system","climate_pol","econ_issues","foreign_policy","society_issues","tax_system3","-","econ_issues1","-","society_issues2","-","climate_pol2","econ_issues1","foreign_policy2","society_issues3",1,"Candidate A","PL",1.00526165850993,"PL465"
"climate_pol","foreign_policy","tax_system","society_issues","econ_issues","climate_pol1","foreign_policy1","-","society_issues2","econ_issues1","climate_pol1","foreign_policy1","tax_system3","society_issues2","econ_issues1",2,"Candidate B","PL",1.25712782144731,"PL468"
"society_issues","econ_issues","climate_pol","foreign_policy","tax_system","society_issues2","-","climate_pol1","foreign_policy2","tax_system1","society_issues1","econ_issues1","climate_pol2","foreign_policy1","tax_system3",2,"Candidate B","PL",1.07079681256008,"PL469"
"society_issues","foreign_policy","climate_pol","tax_system","econ_issues","society_issues1","foreign_policy1","climate_pol2","tax_system1","econ_issues2","society_issues1","foreign_policy1","climate_pol2","tax_system1","econ_issues2",1,"Candidate A","PL",1.07079681256008,"PL471"
"foreign_policy","climate_pol","econ_issues","tax_system","society_issues","foreign_policy1","-","econ_issues2","tax_system1","society_issues2","foreign_policy1","-","-","tax_system3","society_issues1",1,"Neither of them","PL",1.16202323675843,"PL473"
"econ_issues","climate_pol","tax_system","foreign_policy","society_issues","econ_issues1","climate_pol1","tax_system1","-","-","econ_issues2","climate_pol1","-","foreign_policy2","society_issues1",1,"Neither of them","PL",1.65474774307674,"PL474"
"econ_issues","foreign_policy","tax_system","society_issues","climate_pol","-","foreign_policy1","-","-","-","econ_issues1","foreign_policy2","tax_system2","society_issues2","-",2,"Candidate B","PL",1.41118684199246,"PL477"
"econ_issues","foreign_policy","society_issues","tax_system","climate_pol","econ_issues1","-","society_issues2","tax_system2","climate_pol2","-","foreign_policy1","society_issues3","tax_system1","climate_pol2",2,"Candidate B","PL",1.17878754996859,"PL479"
"tax_system","society_issues","econ_issues","climate_pol","foreign_policy","tax_system2","society_issues3","econ_issues2","climate_pol2","foreign_policy1","-","society_issues2","econ_issues1","climate_pol2","foreign_policy1",1,"Candidate A","PL",1.5542046089746,"PL480"
"society_issues","econ_issues","climate_pol","foreign_policy","tax_system","society_issues2","-","climate_pol1","foreign_policy2","tax_system2","society_issues3","econ_issues1","climate_pol2","foreign_policy2","-",1,"Neither of them","PL",1.41118684199246,"PL481"
"society_issues","econ_issues","tax_system","foreign_policy","climate_pol","society_issues1","-","tax_system1","foreign_policy1","-","society_issues3","econ_issues1","-","foreign_policy1","-",1,"Candidate A","PL",1.33009370389162,"PL483"
"econ_issues","foreign_policy","climate_pol","society_issues","tax_system","-","foreign_policy2","climate_pol2","-","tax_system1","econ_issues2","foreign_policy2","-","society_issues2","tax_system1",2,"Candidate B","PL",1.33009370389162,"PL484"
"society_issues","econ_issues","foreign_policy","tax_system","climate_pol","society_issues2","-","-","tax_system1","climate_pol1","-","econ_issues1","foreign_policy1","tax_system1","climate_pol1",1,"Candidate A","PL",0.952293333392273,"PL486"
"society_issues","foreign_policy","tax_system","climate_pol","econ_issues","-","foreign_policy1","-","-","econ_issues1","society_issues3","foreign_policy3","-","-","econ_issues2",1,"Neither of them","PL",1.0339039212162,"PL488"
"foreign_policy","econ_issues","climate_pol","society_issues","tax_system","foreign_policy1","econ_issues2","climate_pol2","-","tax_system2","foreign_policy2","econ_issues1","climate_pol2","society_issues2","tax_system2",2,"Candidate B","PL",1.37181602998761,"PL490"
"foreign_policy","econ_issues","society_issues","tax_system","climate_pol","-","econ_issues2","society_issues2","tax_system1","climate_pol2","foreign_policy1","-","society_issues3","-","climate_pol2",1,"Neither of them","PL",0.761304802913747,"PL492"
"foreign_policy","econ_issues","society_issues","climate_pol","tax_system","foreign_policy1","-","society_issues1","-","tax_system2","foreign_policy2","econ_issues2","-","climate_pol2","tax_system3",2,"Candidate B","PL",1.0199917483252,"PL493"
"econ_issues","tax_system","society_issues","climate_pol","foreign_policy","econ_issues1","tax_system3","society_issues3","climate_pol1","foreign_policy2","econ_issues1","tax_system3","society_issues1","-","-",1,"Neither of them","PL",1.03678686037498,"PL494"
"society_issues","econ_issues","foreign_policy","climate_pol","tax_system","society_issues1","econ_issues1","foreign_policy2","-","tax_system1","-","econ_issues2","-","-","tax_system2",1,"Candidate A","PL",0.973779933854971,"PL495"
"climate_pol","tax_system","society_issues","econ_issues","foreign_policy","climate_pol2","tax_system1","-","econ_issues2","-","-","tax_system3","society_issues3","-","foreign_policy1",2,"Candidate B","PL",1.15628196071925,"PL496"
"climate_pol","foreign_policy","econ_issues","tax_system","society_issues","climate_pol1","foreign_policy2","-","tax_system1","-","-","foreign_policy2","econ_issues1","tax_system3","society_issues2",2,"Candidate B","PL",0.924582428254937,"PL498"
"society_issues","climate_pol","foreign_policy","econ_issues","tax_system","society_issues2","climate_pol1","foreign_policy2","econ_issues1","-","society_issues1","-","foreign_policy2","econ_issues1","tax_system3",2,"Candidate B","PL",1.65474774307674,"PL499"
"tax_system","foreign_policy","econ_issues","climate_pol","society_issues","-","foreign_policy1","-","-","society_issues3","-","foreign_policy1","econ_issues2","-","society_issues3",2,"Candidate B","PL",0.86462959534073,"PL500"
